,CONTROLH-2026,CONTROLS-2026,KXALIENS-27,KXATP-26USO,KXBALANCEPOWERCOMBO-27FEB,KXBALLONDOR-26,KXBTCMAXY-26DEC31,KXBTCMINY-27JAN01,KXF1-26,KXFEDDECISION-26SEP,KXGOVCA-26,KXGREENLAND-29,KXINXY-26DEC31H1600,KXLLM1-26DEC31,KXMLB-26,KXMLBAL-26,KXNASCARCUPSERIES-NCS26,KXNBA-27,KXNFLAFCCHAMP-27,KXNFLNFCCHAMP-27,KXOSCARPIC-27,KXRATECUTCOUNT-26DEC31,KXTAKEOVERACQWB-27JUN30,KXTRUMPOUT27-27,KXVENEZUELALEADER-26DEC31,KXWNBA-26,KXWTA-26USO,KXWTIMAX-26DEC31,SENATEME-26,SENATEMI-26,SENATEOHS-26,SENATETX-26
CONTROLH-2026,1.0,-0.10828868722249055,-0.12370859054913629,-0.11436924839181599,0.3226219440524466,0.19038014176104978,-0.16316162739346965,-0.03196032508157694,0.10456136130816299,0.10537254046798962,0.019315931737788124,0.17565259984026607,0.00847280445740995,0.14548241122663444,0.13827056307475913,-0.03441156841900997,0.1001006458070823,-0.20647918581803484,0.008346973381059586,0.152576448183061,0.044297051645834314,0.06716644559045969,0.12182343609691815,-0.01297591774883602,0.27385948154739087,0.14442211512939948,0.06333617258549311,-0.16244218489177373,-0.1705633741699621,0.050852960210363896,0.2418942949079946,0.15466048748193664
CONTROLS-2026,-0.10828868722249055,1.0,0.25113432916460865,0.01253556323957511,-0.4127345970165223,-0.33831710342639787,-0.12486534939600417,0.0510071960881595,0.00979110056696154,-0.09526863534081394,-0.05114344771272066,0.17606055451128677,0.039586871867910836,-0.022220770659697277,0.14000845809173054,0.0775175770350869,-0.04108073432601607,-0.01828338970142126,-0.010625876189517342,-0.02029285624025726,0.14608936091128388,0.029335533237805612,0.005800319320989829,0.02354803728535818,-0.12950172779121466,0.12103318638735433,-0.0328979552878391,0.08832862940889,0.2843079620070093,-0.1255778751403681,0.17306999175073048,-0.07266548459112601
KXALIENS-27,-0.12370859054913629,0.25113432916460865,1.0,0.10693458485736734,-0.004841299922156206,-0.39621795428202583,0.014751308138079481,-0.0077930222531290795,0.012644645390085158,-0.07835643364859256,0.03306090450356181,0.17139522933035065,0.02917774032719494,0.007900263150929092,0.21730836145254098,-0.16303776414977436,0.019309776981865326,-0.06028249776517731,0.16063666258060222,0.05533303685677339,0.09655471271879539,-0.03351129433678257,-0.12508348363111527,0.1336856733509574,-0.0411780677571253,-0.01819720586169531,-0.14239288356196653,0.05288319159097329,0.30660932164814375,0.01151234817217904,0.0671810843834456,-0.008646252460275717
KXATP-26USO,-0.11436924839181599,0.01253556323957511,0.10693458485736734,1.0,0.19746343590715307,-0.18008891531691984,-0.005623203208476514,0.07231384443815259,-0.04270575319990776,0.08187067281344815,-0.030541900558273577,-0.12133984033430172,0.10235785564056638,-0.06316859333366874,-0.25710378814520174,0.022408643352834847,-0.05594927061769033,0.09602141426105623,0.09019363543782566,0.0024544878682238973,0.05911256603401718,0.0730257285856303,0.1531829679165736,0.11192164304521955,0.09858912740233688,-0.3153206757981081,-0.028334150873533193,0.14743866694732105,0.12404484006374952,0.09074724097183685,-0.1287503598722173,0.11264538157542754
KXBALANCEPOWERCOMBO-27FEB,0.3226219440524466,-0.4127345970165223,-0.004841299922156206,0.19746343590715307,1.0,0.23075939663763545,-0.0031160851159817617,0.06299280948418552,0.0009539431391448234,-0.00238058734852385,0.19555396242454157,0.013782517822041708,-0.08116835794577745,0.05123350892131306,-0.18049470590090336,-0.21954533717013072,0.05523334380282133,-0.14464826917470155,0.07985365885095654,0.03114785490670767,-0.07894702985036671,-0.08178401429593586,0.11898519237407204,0.08650674459964444,0.346423996753412,0.06529681424352045,0.04498180294883603,-0.023349179227484588,-0.026424333550195096,0.16624833152672475,0.0835011123063841,0.010674736812247643
KXBALLONDOR-26,0.19038014176104978,-0.33831710342639787,-0.39621795428202583,-0.18008891531691984,0.23075939663763545,1.0,0.04439267111384183,0.1545178422142227,-0.008290821864186993,0.17326735679262423,0.02800857515254084,0.17281505513028855,-0.023468925391219506,0.017602833888923742,-0.10660472130940588,-0.15551243986977073,-0.05558571834781995,0.10758506325314462,0.00032203947267376903,0.01688246516078226,-0.21084205351257485,0.03015915680171272,0.12037693405322834,-0.021218623293082446,0.06659904321594419,0.04187827413507159,0.07022918955912658,0.06528962103688334,-0.15674476080935207,-0.08289549365365673,0.02094737976670656,-0.06806054975917983
KXBTCMAXY-26DEC31,-0.16316162739346965,-0.12486534939600417,0.014751308138079481,-0.005623203208476514,-0.0031160851159817617,0.04439267111384183,1.0,-0.1571465737594619,0.020880483165160182,-0.0912904452476438,-0.05342862063334785,0.13057616236366845,-0.1374683564077058,-0.14749366349754264,-0.14785019745345357,0.14480305376978667,0.004140497328299985,0.17534942448948182,0.05020240597847055,0.01664869259362928,0.01955576550577039,-0.07706303665910218,0.1141589131778341,-0.14511189755935042,-0.0018246834995492124,0.10372369319070288,-0.08505463251447955,-0.03894915059920439,0.03146705644658315,-0.08983447133324521,0.016206446505805955,-0.17926308683845937
KXBTCMINY-27JAN01,-0.03196032508157694,0.0510071960881595,-0.0077930222531290795,0.07231384443815259,0.06299280948418552,0.1545178422142227,-0.1571465737594619,1.0,0.058726639164681356,0.1706129018534958,-0.06028528848950009,0.1969788661636262,0.014238206522365576,-0.031238531625978654,-0.14189939328741144,-0.008287910644342042,0.012225007822387444,0.10043507914642846,0.042339432824631526,-0.13117852831869278,-0.18848671455075158,0.006799059284658329,0.03563052084599044,0.11495748451010472,0.09528365241193926,0.09741439180655834,-0.10997803728136879,0.31566884128516,0.19530238860651217,0.24513412150058833,0.08896637105543558,0.08978526209681996
KXF1-26,0.10456136130816299,0.00979110056696154,0.012644645390085158,-0.04270575319990776,0.0009539431391448234,-0.008290821864186993,0.020880483165160182,0.058726639164681356,1.0,-0.0011886654007804438,-0.015968502341437592,-0.0065526032678064955,-0.05017136636748374,-0.12636986517941667,-0.08126962008804568,0.15885121105440503,-0.12397557166850257,-0.037007403188942085,-0.052533662699333794,0.0999298315808947,0.06678113664041263,0.01473389342955709,-0.001271915114840427,0.07080265664596279,0.010863888340116224,0.14579506425737593,0.0676843485900536,0.07171670890754278,-0.03658821673208135,0.1255356811009825,0.03421251423898666,0.018068228908378534
KXFEDDECISION-26SEP,0.10537254046798962,-0.09526863534081394,-0.07835643364859256,0.08187067281344815,-0.00238058734852385,0.17326735679262423,-0.0912904452476438,0.1706129018534958,-0.0011886654007804438,1.0,0.16216653600830247,-0.01625567001045704,0.12548894710726957,-0.14943251302435628,-0.2102636117318068,-0.09302207122989048,-0.11000209519841568,0.16042434106844508,0.16041935090594725,-0.006552695176994499,-0.39614050961505826,0.40742474495573483,-0.009926855394324328,-0.06906703117199788,-0.08809433534647658,-0.21124210316884456,-0.03723472109835076,0.18219295838127864,0.15635054183908997,-0.07068508906858857,-0.018498443896634232,-0.07930269332746943
KXGOVCA-26,0.019315931737788124,-0.05114344771272066,0.03306090450356181,-0.030541900558273577,0.19555396242454157,0.02800857515254084,-0.05342862063334785,-0.06028528848950009,-0.015968502341437592,0.16216653600830247,1.0,-0.04250970475890396,0.15253296218043008,0.03545208790624167,-0.135988270088862,-0.15235906047698364,-0.14755463621289278,-0.05696924922388682,-0.014957958660397258,0.13713799433372936,0.0014215002976301725,-0.009168847256185499,-0.21753342993444302,-0.12454888064954109,-0.07549565227980866,-0.10313417779799434,0.010354805034996204,0.078922440145314,0.17915459548294446,0.0571775645302638,-0.047187987573718566,-0.026097454825111777
KXGREENLAND-29,0.17565259984026607,0.17606055451128677,0.17139522933035065,-0.12133984033430172,0.013782517822041708,0.17281505513028855,0.13057616236366845,0.1969788661636262,-0.0065526032678064955,-0.01625567001045704,-0.04250970475890396,1.0,0.13367063162580559,0.06320021054641502,-0.05022929224987431,-0.06955610225032673,0.03984501162452563,0.0162516899906272,0.049779362817225295,-0.05849704892618789,-0.07754257803899396,0.04127230086405739,0.03840011533570977,-0.058530108559102095,0.010467606708577704,-0.001304513266622207,-0.25797409282360045,0.1695988266611692,0.1833910454626588,-0.05923615237884176,0.21113908204877682,0.10445309583761728
KXINXY-26DEC31H1600,0.00847280445740995,0.039586871867910836,0.02917774032719494,0.10235785564056638,-0.08116835794577745,-0.023468925391219506,-0.1374683564077058,0.014238206522365576,-0.05017136636748374,0.12548894710726957,0.15253296218043008,0.13367063162580559,1.0,-0.14259578086527172,-0.1976038894644113,-0.016928571554572447,-0.12372160649350455,-0.11595832558773744,-0.20773508968674537,-0.13900004548648695,-0.04516885074350925,0.2102316909992147,-0.19078805282856456,0.014495872099889652,-0.1933029894100345,0.03074600388234605,0.06133623268571782,0.15068137511838742,0.11615049418364788,-0.0772777298119758,-0.09273712762925844,0.09792958007043281
KXLLM1-26DEC31,0.14548241122663444,-0.022220770659697277,0.007900263150929092,-0.06316859333366874,0.05123350892131306,0.017602833888923742,-0.14749366349754264,-0.031238531625978654,-0.12636986517941667,-0.14943251302435628,0.03545208790624167,0.06320021054641502,-0.14259578086527172,1.0,0.202442134920343,0.047240030263681045,0.23280125337633106,0.12711681619531764,0.013760621707349017,-0.23362245855708114,0.1777575391503682,0.07195397433020312,0.06336885979163176,-0.0398238691311927,0.01889416193508819,-0.09096715943235496,0.028260687700747796,-0.17061516004351304,-0.11981579948647804,0.10788067766184982,0.09290815299367448,0.26371839754134985
KXMLB-26,0.13827056307475913,0.14000845809173054,0.21730836145254098,-0.25710378814520174,-0.18049470590090336,-0.10660472130940588,-0.14785019745345357,-0.14189939328741144,-0.08126962008804568,-0.2102636117318068,-0.135988270088862,-0.05022929224987431,-0.1976038894644113,0.202442134920343,1.0,0.15620575947758705,0.08968651986813678,-0.0803916129543367,-0.010733056997904982,0.1963330199786766,0.049265209030310286,-0.23000805122116885,-0.11328815034279198,-0.0644959399109725,0.07591448972943252,0.07045680081481266,-0.04926038547675605,-0.157789980547833,-0.08919100425472083,-0.08739728478120612,0.007931100082639376,0.10863928306074291
KXMLBAL-26,-0.03441156841900997,0.0775175770350869,-0.16303776414977436,0.022408643352834847,-0.21954533717013072,-0.15551243986977073,0.14480305376978667,-0.008287910644342042,0.15885121105440503,-0.09302207122989048,-0.15235906047698364,-0.06955610225032673,-0.016928571554572447,0.047240030263681045,0.15620575947758705,1.0,-0.06517927949110845,-0.03499503486598844,-0.003866716596822442,-0.00766511830664742,0.18431626794348527,0.011085165468899837,-0.0749763929359217,0.010440148012495876,-0.0877694947924067,-0.14406260366167237,-0.09174026642313439,0.03718587364929859,0.01578138478578468,0.1506951122346048,-0.048901593210705654,0.11764595787671962
KXNASCARCUPSERIES-NCS26,0.1001006458070823,-0.04108073432601607,0.019309776981865326,-0.05594927061769033,0.05523334380282133,-0.05558571834781995,0.004140497328299985,0.012225007822387444,-0.12397557166850257,-0.11000209519841568,-0.14755463621289278,0.03984501162452563,-0.12372160649350455,0.23280125337633106,0.08968651986813678,-0.06517927949110845,1.0,0.05644523964916169,-0.25651320003648126,0.14593290393541644,0.14353709509563156,0.12669098742593285,-0.017323449497106635,-0.09784258426078425,0.21542443974553227,-0.0710563756891684,-0.10413456000782373,0.00827385990438151,-0.20978271651138347,0.014590217119212052,-0.009454054269406122,0.13516818280693296
KXNBA-27,-0.20647918581803484,-0.01828338970142126,-0.06028249776517731,0.09602141426105623,-0.14464826917470155,0.10758506325314462,0.17534942448948182,0.10043507914642846,-0.037007403188942085,0.16042434106844508,-0.05696924922388682,0.0162516899906272,-0.11595832558773744,0.12711681619531764,-0.0803916129543367,-0.03499503486598844,0.05644523964916169,1.0,0.07606626606213228,-0.15087893384842918,-0.18850436495937828,0.17281304198863717,0.006612395257132712,-0.051092653163906585,0.031516973015949135,-0.14379779221788852,0.058365619051385806,-0.01756725277948418,-0.07246358528526568,0.0736735962134338,0.10104793860873476,0.0915646228435482
KXNFLAFCCHAMP-27,0.008346973381059586,-0.010625876189517342,0.16063666258060222,0.09019363543782566,0.07985365885095654,0.00032203947267376903,0.05020240597847055,0.042339432824631526,-0.052533662699333794,0.16041935090594725,-0.014957958660397258,0.049779362817225295,-0.20773508968674537,0.013760621707349017,-0.010733056997904982,-0.003866716596822442,-0.25651320003648126,0.07606626606213228,1.0,-0.11726388918393245,-0.11160995026531272,0.00441483363526958,0.19455949570300046,0.11555314828525996,-0.07154366620310192,0.1647854969034559,-0.13335523692031115,0.12873257379709716,-0.014854281132407858,-0.014110862699944843,-0.046532274519608764,-0.16912952427083935
KXNFLNFCCHAMP-27,0.152576448183061,-0.02029285624025726,0.05533303685677339,0.0024544878682238973,0.03114785490670767,0.01688246516078226,0.01664869259362928,-0.13117852831869278,0.0999298315808947,-0.006552695176994499,0.13713799433372936,-0.05849704892618789,-0.13900004548648695,-0.23362245855708114,0.1963330199786766,-0.00766511830664742,0.14593290393541644,-0.15087893384842918,-0.11726388918393245,1.0,0.16122466408963693,-0.04747467721258434,-0.297092899399675,-0.10590963464392185,0.17022648908480603,0.052066963398750575,-0.026866887804987704,0.024165544333281556,-0.1127440425153783,-0.092695460827306,-0.1221907686586646,-0.07322178040973538
KXOSCARPIC-27,0.044297051645834314,0.14608936091128388,0.09655471271879539,0.05911256603401718,-0.07894702985036671,-0.21084205351257485,0.01955576550577039,-0.18848671455075158,0.06678113664041263,-0.39614050961505826,0.0014215002976301725,-0.07754257803899396,-0.04516885074350925,0.1777575391503682,0.049265209030310286,0.18431626794348527,0.14353709509563156,-0.18850436495937828,-0.11160995026531272,0.16122466408963693,1.0,-0.2324718467417993,0.03349746607284123,0.14975722309905956,-0.006810843574705984,0.026679051241451188,-0.05871280845806474,-0.1137380265200362,-0.03334127506331166,0.13878743969875051,0.15972817184311836,0.2666877962862988
KXRATECUTCOUNT-26DEC31,0.06716644559045969,0.029335533237805612,-0.03351129433678257,0.0730257285856303,-0.08178401429593586,0.03015915680171272,-0.07706303665910218,0.006799059284658329,0.01473389342955709,0.40742474495573483,-0.009168847256185499,0.04127230086405739,0.2102316909992147,0.07195397433020312,-0.23000805122116885,0.011085165468899837,0.12669098742593285,0.17281304198863717,0.00441483363526958,-0.04747467721258434,-0.2324718467417993,1.0,-0.08559810881941175,0.0012959231207212288,-0.037966593657444835,-0.1507997510741049,-0.05274854952016157,-0.08082193388071786,-0.03877890152659727,-0.10098764179642315,0.055931194535265474,0.0868469054160178
KXTAKEOVERACQWB-27JUN30,0.12182343609691815,0.005800319320989829,-0.12508348363111527,0.1531829679165736,0.11898519237407204,0.12037693405322834,0.1141589131778341,0.03563052084599044,-0.001271915114840427,-0.009926855394324328,-0.21753342993444302,0.03840011533570977,-0.19078805282856456,0.06336885979163176,-0.11328815034279198,-0.0749763929359217,-0.017323449497106635,0.006612395257132712,0.19455949570300046,-0.297092899399675,0.03349746607284123,-0.08559810881941175,1.0,0.04347891737970104,0.21983356727745837,0.038190593861864845,0.07947044546249477,0.0944106356734716,-0.07395747483953342,-0.02508869923079432,0.11377138145982044,-0.006691591946171386
KXTRUMPOUT27-27,-0.01297591774883602,0.02354803728535818,0.1336856733509574,0.11192164304521955,0.08650674459964444,-0.021218623293082446,-0.14511189755935042,0.11495748451010472,0.07080265664596279,-0.06906703117199788,-0.12454888064954109,-0.058530108559102095,0.014495872099889652,-0.0398238691311927,-0.0644959399109725,0.010440148012495876,-0.09784258426078425,-0.051092653163906585,0.11555314828525996,-0.10590963464392185,0.14975722309905956,0.0012959231207212288,0.04347891737970104,1.0,0.1355919231210853,0.1160738931349979,-0.04493558307795607,0.10181159510898737,-0.044333707674824994,0.11187960378914542,0.06334350576219411,-0.05951429390349589
KXVENEZUELALEADER-26DEC31,0.27385948154739087,-0.12950172779121466,-0.0411780677571253,0.09858912740233688,0.346423996753412,0.06659904321594419,-0.0018246834995492124,0.09528365241193926,0.010863888340116224,-0.08809433534647658,-0.07549565227980866,0.010467606708577704,-0.1933029894100345,0.01889416193508819,0.07591448972943252,-0.0877694947924067,0.21542443974553227,0.031516973015949135,-0.07154366620310192,0.17022648908480603,-0.006810843574705984,-0.037966593657444835,0.21983356727745837,0.1355919231210853,1.0,0.09011196038703072,0.034356089535408224,-0.12682346555640606,-0.0619229891397585,0.10841509784418668,0.1751121171928993,0.07903506561546429
KXWNBA-26,0.14442211512939948,0.12103318638735433,-0.01819720586169531,-0.3153206757981081,0.06529681424352045,0.04187827413507159,0.10372369319070288,0.09741439180655834,0.14579506425737593,-0.21124210316884456,-0.10313417779799434,-0.001304513266622207,0.03074600388234605,-0.09096715943235496,0.07045680081481266,-0.14406260366167237,-0.0710563756891684,-0.14379779221788852,0.1647854969034559,0.052066963398750575,0.026679051241451188,-0.1507997510741049,0.038190593861864845,0.1160738931349979,0.09011196038703072,1.0,0.1120483105407693,0.07622598447763729,-0.09836723874430464,-0.09141237667989316,0.05154528107243483,-0.08147870637585275
KXWTA-26USO,0.06333617258549311,-0.0328979552878391,-0.14239288356196653,-0.028334150873533193,0.04498180294883603,0.07022918955912658,-0.08505463251447955,-0.10997803728136879,0.0676843485900536,-0.03723472109835076,0.010354805034996204,-0.25797409282360045,0.06133623268571782,0.028260687700747796,-0.04926038547675605,-0.09174026642313439,-0.10413456000782373,0.058365619051385806,-0.13335523692031115,-0.026866887804987704,-0.05871280845806474,-0.05274854952016157,0.07947044546249477,-0.04493558307795607,0.034356089535408224,0.1120483105407693,1.0,-0.011051833075700481,-0.13322856974353206,-0.05534608081479047,0.023685708663381322,-0.05732868235566921
KXWTIMAX-26DEC31,-0.16244218489177373,0.08832862940889,0.05288319159097329,0.14743866694732105,-0.023349179227484588,0.06528962103688334,-0.03894915059920439,0.31566884128516,0.07171670890754278,0.18219295838127864,0.078922440145314,0.1695988266611692,0.15068137511838742,-0.17061516004351304,-0.157789980547833,0.03718587364929859,0.00827385990438151,-0.01756725277948418,0.12873257379709716,0.024165544333281556,-0.1137380265200362,-0.08082193388071786,0.0944106356734716,0.10181159510898737,-0.12682346555640606,0.07622598447763729,-0.011051833075700481,1.0,0.1835193701382356,-0.0018095023183015214,-0.03801918562051647,-0.0734975286899263
SENATEME-26,-0.1705633741699621,0.2843079620070093,0.30660932164814375,0.12404484006374952,-0.026424333550195096,-0.15674476080935207,0.03146705644658315,0.19530238860651217,-0.03658821673208135,0.15635054183908997,0.17915459548294446,0.1833910454626588,0.11615049418364788,-0.11981579948647804,-0.08919100425472083,0.01578138478578468,-0.20978271651138347,-0.07246358528526568,-0.014854281132407858,-0.1127440425153783,-0.03334127506331166,-0.03877890152659727,-0.07395747483953342,-0.044333707674824994,-0.0619229891397585,-0.09836723874430464,-0.13322856974353206,0.1835193701382356,1.0,-0.09036163051370293,0.1795507767400219,-0.13553670410254562
SENATEMI-26,0.050852960210363896,-0.1255778751403681,0.01151234817217904,0.09074724097183685,0.16624833152672475,-0.08289549365365673,-0.08983447133324521,0.24513412150058833,0.1255356811009825,-0.07068508906858857,0.0571775645302638,-0.05923615237884176,-0.0772777298119758,0.10788067766184982,-0.08739728478120612,0.1506951122346048,0.014590217119212052,0.0736735962134338,-0.014110862699944843,-0.092695460827306,0.13878743969875051,-0.10098764179642315,-0.02508869923079432,0.11187960378914542,0.10841509784418668,-0.09141237667989316,-0.05534608081479047,-0.0018095023183015214,-0.09036163051370293,1.0,-0.009513665767895727,0.13462656618631946
SENATEOHS-26,0.2418942949079946,0.17306999175073048,0.0671810843834456,-0.1287503598722173,0.0835011123063841,0.02094737976670656,0.016206446505805955,0.08896637105543558,0.03421251423898666,-0.018498443896634232,-0.047187987573718566,0.21113908204877682,-0.09273712762925844,0.09290815299367448,0.007931100082639376,-0.048901593210705654,-0.009454054269406122,0.10104793860873476,-0.046532274519608764,-0.1221907686586646,0.15972817184311836,0.055931194535265474,0.11377138145982044,0.06334350576219411,0.1751121171928993,0.05154528107243483,0.023685708663381322,-0.03801918562051647,0.1795507767400219,-0.009513665767895727,1.0,-0.04246838672674493
SENATETX-26,0.15466048748193664,-0.07266548459112601,-0.008646252460275717,0.11264538157542754,0.010674736812247643,-0.06806054975917983,-0.17926308683845937,0.08978526209681996,0.018068228908378534,-0.07930269332746943,-0.026097454825111777,0.10445309583761728,0.09792958007043281,0.26371839754134985,0.10863928306074291,0.11764595787671962,0.13516818280693296,0.0915646228435482,-0.16912952427083935,-0.07322178040973538,0.2666877962862988,0.0868469054160178,-0.006691591946171386,-0.05951429390349589,0.07903506561546429,-0.08147870637585275,-0.05732868235566921,-0.0734975286899263,-0.13553670410254562,0.13462656618631946,-0.04246838672674493,1.0
