mode,seed,violation,n_violated_pairs,edge0,var0,obj0,edge1,var1,obj1,var_ratio,edge_diff,violated,portfolio0,portfolio1
none,frozen,False,0,0.1625503315661696,0.497936356277508,-0.1127566959384188,0.1625503315661696,0.497936356277508,-0.1127566959384188,1.0,0.0,,"KXFEDDECISION-26SEP-H25, KXVENEZUELALEADER-26DEC31-NMAD, KXRATECUTCOUNT-26DEC31-T0","KXFEDDECISION-26SEP-H25, KXVENEZUELALEADER-26DEC31-NMAD, KXRATECUTCOUNT-26DEC31-T0"
none,0,True,1,0.13805319288868256,0.2436040207176554,-0.11369279081691702,0.1210228629281287,0.5154849736082197,-0.06947436556730673,0.47257249617289526,0.01703032996055387,SENATEOHS-26-D+SENATEOHS-26-R,"KXATP-26USO-ALC, SENATEOHS-26-D, SENATEOHS-26-R","KXGOVCA-26-XBEC, KXATP-26USO-ALC, SENATEOHS-26-R"
none,1,False,0,0.1868748979987328,0.3452644183108502,-0.15234845616764778,0.1868748979987328,0.3452644183108502,-0.15234845616764778,1.0,0.0,,"KXF1-26-KA, KXTAKEOVERACQWB-27JUN30-PSKY, KXRATECUTCOUNT-26DEC31-T0","KXF1-26-KA, KXTAKEOVERACQWB-27JUN30-PSKY, KXRATECUTCOUNT-26DEC31-T0"
none,2,True,1,0.0823384633063946,0.2303959422143718,-0.05929886908495742,0.10890914902018523,0.6267666743814658,-0.046232481582038645,0.3675944360662467,-0.02657068571379062,SENATETX-26-D+SENATETX-26-R,"SENATETX-26-D, SENATETX-26-R, KXBALLONDOR-26-HKAN","SENATETX-26-D, KXBALLONDOR-26-HKAN, KXTAKEOVERACQWB-27JUN30-PSKY"
none,3,True,1,0.14926144167869954,0.11309999999999978,-0.13795144167869955,0.17474488870568616,0.5279120962072106,-0.1219536790849651,0.21424021311988833,-0.025483447026986628,SENATEMI-26-D+SENATEMI-26-R,"KXF1-26-KA, SENATEMI-26-D, SENATEMI-26-R","SENATETX-26-R, KXF1-26-KA, SENATEMI-26-D"
none,4,False,0,0.234738130303354,0.3308948719753582,-0.20164864310581818,0.234738130303354,0.3308948719753582,-0.20164864310581818,1.0,0.0,,"CONTROLH-2026-D, KXVENEZUELALEADER-26DEC31-NMAD, KXRATECUTCOUNT-26DEC31-T0","CONTROLH-2026-D, KXVENEZUELALEADER-26DEC31-NMAD, KXRATECUTCOUNT-26DEC31-T0"
none,5,True,1,0.09964648657519293,0.21750303624758588,-0.07789618295043434,0.14108392885838394,0.6324486206415718,-0.07783906679422677,0.3439062544352541,-0.04143744228319102,SENATEOHS-26-D+SENATEOHS-26-R,"SENATEME-26-D, SENATEOHS-26-D, SENATEOHS-26-R","CONTROLS-2026-R, SENATEME-26-D, SENATEOHS-26-R"
none,6,False,0,0.14681446575059698,0.2745200503252663,-0.11936246071807036,0.14681446575059698,0.2745200503252663,-0.11936246071807036,1.0,0.0,,"CONTROLH-2026-D, KXGOVCA-26-XBEC, KXVENEZUELALEADER-26DEC31-NMAD","CONTROLH-2026-D, KXGOVCA-26-XBEC, KXVENEZUELALEADER-26DEC31-NMAD"
none,7,True,1,0.1383423926729886,0.08025599999999991,-0.1303167926729886,0.14521847410864241,0.26687875380775,-0.11853059872786742,0.300720828671935,-0.006876081435653825,SENATEMI-26-D+SENATEMI-26-R,"KXRATECUTCOUNT-26DEC31-T0, SENATEMI-26-D, SENATEMI-26-R","KXGOVCA-26-XBEC, KXTAKEOVERACQWB-27JUN30-PSKY, KXRATECUTCOUNT-26DEC31-T0"
none,8,True,1,0.16188562044687388,0.1130999999999999,-0.1505756204468739,0.1825336873423543,0.4534909848552826,-0.13718458885682605,0.24939856309622604,-0.020648066895480433,CONTROLH-2026-D+CONTROLH-2026-R,"CONTROLH-2026-D, CONTROLH-2026-R, KXF1-26-KA","CONTROLH-2026-D, CONTROLS-2026-D, KXF1-26-KA"
none,9,False,0,0.19633142158438666,0.47172768231781137,-0.14915865335260553,0.19633142158438666,0.47172768231781137,-0.14915865335260553,1.0,0.0,,"KXBALLONDOR-26-HKAN, KXF1-26-KA, KXTAKEOVERACQWB-27JUN30-PSKY","KXBALLONDOR-26-HKAN, KXF1-26-KA, KXTAKEOVERACQWB-27JUN30-PSKY"
none,10,False,0,0.162882627830093,0.4948882689386103,-0.11339380093623197,0.162882627830093,0.4948882689386103,-0.11339380093623197,1.0,0.0,,"KXFEDDECISION-26SEP-H25, CONTROLH-2026-D, KXVENEZUELALEADER-26DEC31-NMAD","KXFEDDECISION-26SEP-H25, CONTROLH-2026-D, KXVENEZUELALEADER-26DEC31-NMAD"
none,11,True,1,0.15067944837290714,0.12039999999999998,-0.13863944837290715,0.15407839496729803,0.40202373707763445,-0.11387602125953458,0.2994848037461769,-0.0033989465943908836,SENATEMI-26-D+SENATEMI-26-R,"KXVENEZUELALEADER-26DEC31-NMAD, SENATEMI-26-D, SENATEMI-26-R","KXGOVCA-26-XBEC, KXATP-26USO-ALC, KXVENEZUELALEADER-26DEC31-NMAD"
none,12,True,1,0.10477491005035433,0.11309900627968009,-0.09346500942238632,0.12557004311251818,0.40602105165160807,-0.08496793794735738,0.2785545375532061,-0.02079513306216385,SENATETX-26-D+SENATETX-26-R,"SENATETX-26-D, SENATETX-26-R, KXF1-26-KA","KXGOVCA-26-XBEC, KXATP-26USO-ALC, KXF1-26-KA"
none,13,True,1,0.127061006860276,0.1275,-0.114311006860276,0.12211384903449463,0.2599369650218649,-0.09612015253230813,0.49050353415211717,0.0049471578257813675,CONTROLS-2026-D+CONTROLS-2026-R,"CONTROLH-2026-D, CONTROLS-2026-D, CONTROLS-2026-R","CONTROLH-2026-D, KXGOVCA-26-XBEC, KXF1-26-KA"
none,14,True,1,0.153901515929673,0.12039999999999998,-0.141861515929673,0.1867331516601114,0.5850620820758964,-0.12822694345252175,0.2057901267038209,-0.0328316357304384,SENATEMI-26-D+SENATEMI-26-R,"KXVENEZUELALEADER-26DEC31-NMAD, SENATEMI-26-D, SENATEMI-26-R","KXBALLONDOR-26-HKAN, KXVENEZUELALEADER-26DEC31-NMAD, SENATEMI-26-D"
none,15,True,1,0.15307891028135506,0.12749999999999992,-0.14032891028135508,0.1457556097412197,0.39992882618218956,-0.10576272712300075,0.31880672672971233,0.007323300540135358,SENATEMI-26-D+SENATEMI-26-R,"CONTROLH-2026-D, SENATEMI-26-D, SENATEMI-26-R","CONTROLH-2026-D, KXGOVCA-26-XBEC, SENATEMI-26-D"
none,16,True,1,0.10168768564426284,0.11309900627968009,-0.09037778501629483,0.12047455133103346,0.5743069931557091,-0.06304385201546256,0.19693127130182114,-0.018786865686770626,SENATETX-26-D+SENATETX-26-R,"SENATETX-26-D, SENATETX-26-R, KXF1-26-KA","SENATETX-26-R, KXBALLONDOR-26-HKAN, KXF1-26-KA"
none,17,True,1,0.1503596748008339,0.23318823987123657,-0.12704085081371025,0.15154878638450286,0.5563772746480413,-0.09591105891969873,0.4191189153416611,-0.001189111583668967,SENATETX-26-D+SENATETX-26-R,"SENATETX-26-D, SENATETX-26-R, SENATEMI-26-D","SENATEME-26-D, KXTAKEOVERACQWB-27JUN30-PSKY, SENATEMI-26-D"
none,18,True,1,0.14895108128601597,0.08025143696966938,-0.14092593758904903,0.1774455102868564,0.4467402201343772,-0.13277148827341867,0.17963781489280314,-0.028494429000840427,SENATETX-26-D+SENATETX-26-R,"SENATETX-26-D, SENATETX-26-R, KXRATECUTCOUNT-26DEC31-T0","SENATETX-26-R, KXF1-26-KA, KXRATECUTCOUNT-26DEC31-T0"
none,19,True,1,0.11505309026725674,0.2436040207176554,-0.0906926881954912,0.12786672053101844,0.6155108717759858,-0.06631563335341986,0.3957753337723573,-0.0128136302637617,SENATEOHS-26-D+SENATEOHS-26-R,"KXATP-26USO-ALC, SENATEOHS-26-D, SENATEOHS-26-R","KXATP-26USO-ALC, KXF1-26-KA, KXOSCARPIC-27-ODY"
none,20,True,1,0.1468907579335903,0.1204000000000003,-0.13485075793359028,0.17365819255270565,0.4515732037155612,-0.12850087218114953,0.26662343781549613,-0.02676743461911535,CONTROLS-2026-D+CONTROLS-2026-R,"CONTROLS-2026-D, CONTROLS-2026-R, KXVENEZUELALEADER-26DEC31-NMAD","KXVENEZUELALEADER-26DEC31-NMAD, KXOSCARPIC-27-ODY, KXRATECUTCOUNT-26DEC31-T0"
none,21,True,1,0.10524257887525124,0.08025143696966938,-0.0972174351782843,0.11766950069680093,0.26687875380775,-0.09098162531602594,0.3007037309065062,-0.012426921821549697,SENATETX-26-D+SENATETX-26-R,"SENATETX-26-D, SENATETX-26-R, KXRATECUTCOUNT-26DEC31-T0","KXGOVCA-26-XBEC, KXTAKEOVERACQWB-27JUN30-PSKY, KXRATECUTCOUNT-26DEC31-T0"
none,22,False,0,0.21939374999417904,0.4781484855488919,-0.17157890143928986,0.21939374999417904,0.4781484855488919,-0.17157890143928986,1.0,0.0,,"KXF1-26-KA, SENATEME-26-D, KXTAKEOVERACQWB-27JUN30-PSKY","KXF1-26-KA, SENATEME-26-D, KXTAKEOVERACQWB-27JUN30-PSKY"
none,23,False,0,0.13144172266051124,0.6267666743814658,-0.06876505522236466,0.13144172266051124,0.6267666743814658,-0.06876505522236466,1.0,0.0,,"SENATETX-26-D, KXBALLONDOR-26-HKAN, KXTAKEOVERACQWB-27JUN30-PSKY","SENATETX-26-D, KXBALLONDOR-26-HKAN, KXTAKEOVERACQWB-27JUN30-PSKY"
none,24,True,1,0.1436428936912555,0.13887079940073294,-0.1297558137511822,0.16382271655292124,0.4235642739005303,-0.12146628916286821,0.3278624000128616,-0.020179822861665753,KXFEDDECISION-26SEP-H0+KXFEDDECISION-26SEP-H25,"KXFEDDECISION-26SEP-H0, KXFEDDECISION-26SEP-H25, CONTROLH-2026-D","CONTROLH-2026-D, CONTROLS-2026-D, KXRATECUTCOUNT-26DEC31-T0"
none,25,False,0,0.17013150460823656,0.46037424199668975,-0.12409408040856759,0.17013150460823656,0.46037424199668975,-0.12409408040856759,1.0,0.0,,"CONTROLH-2026-D, SENATEME-26-D, KXTAKEOVERACQWB-27JUN30-PSKY","CONTROLH-2026-D, SENATEME-26-D, KXTAKEOVERACQWB-27JUN30-PSKY"
none,26,True,1,0.16952708967612373,0.0802534383315362,-0.1615017458429701,0.19737884338109968,0.5334479280784394,-0.14403405057325575,0.15044287194182437,-0.027851753704975946,SENATEOHS-26-D+SENATEOHS-26-R,"KXRATECUTCOUNT-26DEC31-T0, SENATEOHS-26-D, SENATEOHS-26-R","KXBALLONDOR-26-HKAN, SENATEME-26-D, KXRATECUTCOUNT-26DEC31-T0"
none,27,True,1,0.13081138801235026,0.24917208681986885,-0.10589417933036338,0.12230279856850856,0.6294019477667951,-0.05936260379182905,0.39588706025452536,0.008508589443841696,SENATETX-26-D+SENATETX-26-R,"SENATETX-26-D, SENATETX-26-R, CONTROLS-2026-R","SENATETX-26-R, CONTROLS-2026-R, SENATEME-26-D"
none,28,False,0,0.14771062990094996,0.46037424199668975,-0.101673205701281,0.14771062990094996,0.46037424199668975,-0.101673205701281,1.0,0.0,,"CONTROLH-2026-D, SENATEME-26-D, KXTAKEOVERACQWB-27JUN30-PSKY","CONTROLH-2026-D, SENATEME-26-D, KXTAKEOVERACQWB-27JUN30-PSKY"
none,29,False,0,0.131119502366162,0.2955665221273224,-0.10156285015342975,0.131119502366162,0.2955665221273224,-0.10156285015342975,1.0,0.0,,"CONTROLH-2026-D, KXGOVCA-26-XBEC, KXTAKEOVERACQWB-27JUN30-PSKY","CONTROLH-2026-D, KXGOVCA-26-XBEC, KXTAKEOVERACQWB-27JUN30-PSKY"
none,30,True,1,0.135471132775713,0.12040748388727349,-0.12343038438698564,0.14966068868771187,0.3738094010057915,-0.11227974858713272,0.32210929838387875,-0.014189555911998886,SENATETX-26-D+SENATETX-26-R,"SENATETX-26-D, SENATETX-26-R, KXVENEZUELALEADER-26DEC31-NMAD","KXGOVCA-26-XBEC, KXVENEZUELALEADER-26DEC31-NMAD, SENATEMI-26-D"
none,31,True,1,0.12753079065359618,0.24919520614233448,-0.10261127003936274,0.14358157122597404,0.6790622733352414,-0.0756753438924499,0.3669695931102199,-0.016050780572377854,SENATEOHS-26-D+SENATEOHS-26-R,"CONTROLS-2026-R, SENATEOHS-26-D, SENATEOHS-26-R","SENATETX-26-R, CONTROLS-2026-R, SENATEOHS-26-D"
none,32,False,0,0.1952662978567261,0.3855295827891856,-0.15671333957780756,0.1952662978567261,0.3855295827891856,-0.15671333957780756,1.0,0.0,,"CONTROLH-2026-D, KXF1-26-KA, KXTAKEOVERACQWB-27JUN30-PSKY","CONTROLH-2026-D, KXF1-26-KA, KXTAKEOVERACQWB-27JUN30-PSKY"
none,33,False,0,0.1341564561938663,0.40168005626039477,-0.09398845056782681,0.1341564561938663,0.40168005626039477,-0.09398845056782681,1.0,0.0,,"KXBALLONDOR-26-HKAN, KXF1-26-KA, KXRATECUTCOUNT-26DEC31-T0","KXBALLONDOR-26-HKAN, KXF1-26-KA, KXRATECUTCOUNT-26DEC31-T0"
none,34,True,1,0.07807929010783526,0.24470738481690363,-0.053608551626144904,0.09755440494251785,0.6372561837335778,-0.033828786569160066,0.384001585332925,-0.01947511483468259,KXFEDDECISION-26SEP-H0+KXFEDDECISION-26SEP-H25,"KXFEDDECISION-26SEP-H0, KXFEDDECISION-26SEP-H25, KXNASCARCUPSERIES-NCS26-DHAM","KXFEDDECISION-26SEP-H25, KXMLBAL-26-TB, KXNASCARCUPSERIES-NCS26-DHAM"
none,35,True,1,0.14612752146918845,0.15390100647367178,-0.13073742082182127,0.14373306263272234,0.26687875380775,-0.11704518725194735,0.5766701330767476,0.002394458836466107,SENATETX-26-D+SENATETX-26-R,"SENATETX-26-D, SENATETX-26-R, KXTAKEOVERACQWB-27JUN30-PSKY","KXGOVCA-26-XBEC, KXTAKEOVERACQWB-27JUN30-PSKY, KXRATECUTCOUNT-26DEC31-T0"
none,36,False,0,0.2019553876949567,0.35105579630542944,-0.16684980806441374,0.2019553876949567,0.35105579630542944,-0.16684980806441374,1.0,0.0,,"KXTAKEOVERACQWB-27JUN30-PSKY, KXVENEZUELALEADER-26DEC31-NMAD, KXRATECUTCOUNT-26DEC31-T0","KXTAKEOVERACQWB-27JUN30-PSKY, KXVENEZUELALEADER-26DEC31-NMAD, KXRATECUTCOUNT-26DEC31-T0"
none,37,False,0,0.1776054234585649,0.2599369650218649,-0.1516117269563784,0.1776054234585649,0.2599369650218649,-0.1516117269563784,1.0,0.0,,"CONTROLH-2026-D, KXGOVCA-26-XBEC, KXF1-26-KA","CONTROLH-2026-D, KXGOVCA-26-XBEC, KXF1-26-KA"
none,38,True,1,0.12658517512767914,0.09259806750172775,-0.11732536837750636,0.1495015663085123,0.40759380007374885,-0.10874218630113741,0.227182227710464,-0.022916391180833162,KXFEDDECISION-26SEP-H0+KXFEDDECISION-26SEP-H25,"KXFEDDECISION-26SEP-H0, KXFEDDECISION-26SEP-H25, KXRATECUTCOUNT-26DEC31-T0","KXF1-26-KA, SENATEME-26-D, KXRATECUTCOUNT-26DEC31-T0"
none,39,False,0,0.1412197028685898,0.44362333727500797,-0.09685736914108901,0.1412197028685898,0.44362333727500797,-0.09685736914108901,1.0,0.0,,"KXGOVCA-26-XBEC, KXTAKEOVERACQWB-27JUN30-PSKY, SENATEMI-26-R","KXGOVCA-26-XBEC, KXTAKEOVERACQWB-27JUN30-PSKY, SENATEMI-26-R"
none,40,False,0,0.12949171111847585,0.5799348055890745,-0.07149823055956839,0.12949171111847585,0.5799348055890745,-0.07149823055956839,1.0,0.0,,"KXF1-26-KA, KXWNBA-26-MIN, SENATEMI-26-D","KXF1-26-KA, KXWNBA-26-MIN, SENATEMI-26-D"
none,41,False,0,0.13474944033614333,0.5221534091624351,-0.08253409941989981,0.13474944033614333,0.5221534091624351,-0.08253409941989981,1.0,0.0,,"KXATP-26USO-ALC, KXF1-26-KA, KXTAKEOVERACQWB-27JUN30-PSKY","KXATP-26USO-ALC, KXF1-26-KA, KXTAKEOVERACQWB-27JUN30-PSKY"
none,42,False,0,0.16661882356048108,0.3065008089404073,-0.13596874266644035,0.16661882356048108,0.3065008089404073,-0.13596874266644035,1.0,0.0,,"KXGOVCA-26-XBEC, KXTAKEOVERACQWB-27JUN30-PSKY, KXVENEZUELALEADER-26DEC31-NMAD","KXGOVCA-26-XBEC, KXTAKEOVERACQWB-27JUN30-PSKY, KXVENEZUELALEADER-26DEC31-NMAD"
none,43,True,1,0.06949982267303922,0.04020501759601747,-0.06547932091343747,0.11149053994618519,0.4634743536936612,-0.06514310457681907,0.08674701690741543,-0.04199071727314596,SENATETX-26-D+SENATETX-26-R,"KXGOVCA-26-XBEC, SENATETX-26-D, SENATETX-26-R","KXGOVCA-26-XBEC, KXTAKEOVERACQWB-27JUN30-PSKY, SENATEOHS-26-D"
none,44,False,0,0.14567205748492307,0.3874339785579586,-0.1069286596291272,0.14567205748492307,0.3874339785579586,-0.1069286596291272,1.0,0.0,,"CONTROLH-2026-D, KXGOVCA-26-XBEC, KXBALLONDOR-26-HKAN","CONTROLH-2026-D, KXGOVCA-26-XBEC, KXBALLONDOR-26-HKAN"
none,45,False,0,0.1873892772061463,0.44177094320794963,-0.1432121828853513,0.1873892772061463,0.44177094320794963,-0.1432121828853513,1.0,0.0,,"CONTROLH-2026-D, KXBALLONDOR-26-HKAN, KXRATECUTCOUNT-26DEC31-T0","CONTROLH-2026-D, KXBALLONDOR-26-HKAN, KXRATECUTCOUNT-26DEC31-T0"
none,46,False,0,0.16466638194551098,0.3922064209614928,-0.1254457398493617,0.16466638194551098,0.3922064209614928,-0.1254457398493617,1.0,0.0,,"CONTROLH-2026-D, SENATEME-26-D, KXRATECUTCOUNT-26DEC31-T0","CONTROLH-2026-D, SENATEME-26-D, KXRATECUTCOUNT-26DEC31-T0"
none,47,True,1,0.0497014152805893,0.040207858848257505,-0.04568062939576355,0.07980246476012268,0.463797656309208,-0.03342269912920187,0.08669267362888837,-0.030101049479533376,SENATEOHS-26-D+SENATEOHS-26-R,"KXGOVCA-26-XBEC, SENATEOHS-26-D, SENATEOHS-26-R","KXGOVCA-26-XBEC, KXWNBA-26-MIN, KXBTCMINY-27JAN01-55000.00"
none,48,True,1,0.1626295396690537,0.08025599999999998,-0.1546039396690537,0.18463212609727353,0.5937677173981643,-0.1252553543574571,0.13516396673041509,-0.02200258642821984,SENATEME-26-D+SENATEME-26-R,"SENATEME-26-D, SENATEME-26-R, KXRATECUTCOUNT-26DEC31-T0","SENATETX-26-R, SENATEME-26-D, KXRATECUTCOUNT-26DEC31-T0"
none,49,True,1,0.1462654559493055,0.1204000000000003,-0.1342254559493055,0.174494327823281,0.49980474825948745,-0.12451385299733225,0.24089406997288332,-0.028228871873975492,CONTROLS-2026-D+CONTROLS-2026-R,"CONTROLS-2026-D, CONTROLS-2026-R, KXVENEZUELALEADER-26DEC31-NMAD","KXBALLONDOR-26-HKAN, KXTAKEOVERACQWB-27JUN30-PSKY, KXVENEZUELALEADER-26DEC31-NMAD"
none,50,False,0,0.1982050319494012,0.4781484855488919,-0.15039018339451202,0.1982050319494012,0.4781484855488919,-0.15039018339451202,1.0,0.0,,"KXF1-26-KA, SENATEME-26-D, KXTAKEOVERACQWB-27JUN30-PSKY","KXF1-26-KA, SENATEME-26-D, KXTAKEOVERACQWB-27JUN30-PSKY"
none,51,True,1,0.17197197690960014,0.08025599999999998,-0.16394637690960015,0.17765986286836255,0.36589514408265567,-0.14107034846009697,0.21934152802495285,-0.0056878859587624064,SENATEME-26-D+SENATEME-26-R,"SENATEME-26-D, SENATEME-26-R, KXRATECUTCOUNT-26DEC31-T0","KXGOVCA-26-XBEC, SENATEME-26-D, KXRATECUTCOUNT-26DEC31-T0"
none,52,False,0,0.1666120811595765,0.497149704221323,-0.11689711073744419,0.1666120811595765,0.497149704221323,-0.11689711073744419,1.0,0.0,,"CONTROLH-2026-D, KXATP-26USO-ALC, KXVENEZUELALEADER-26DEC31-NMAD","CONTROLH-2026-D, KXATP-26USO-ALC, KXVENEZUELALEADER-26DEC31-NMAD"
none,53,False,0,0.15709793325654975,0.4003206165915414,-0.11706587159739561,0.15709793325654975,0.4003206165915414,-0.11706587159739561,1.0,0.0,,"CONTROLH-2026-D, KXTAKEOVERACQWB-27JUN30-PSKY, KXVENEZUELALEADER-26DEC31-NMAD","CONTROLH-2026-D, KXTAKEOVERACQWB-27JUN30-PSKY, KXVENEZUELALEADER-26DEC31-NMAD"
none,54,False,0,0.19213711607892786,0.40127088949927553,-0.1520100271290003,0.19213711607892786,0.40127088949927553,-0.1520100271290003,1.0,0.0,,"KXFEDDECISION-26SEP-H0, KXVENEZUELALEADER-26DEC31-NMAD, KXRATECUTCOUNT-26DEC31-T0","KXFEDDECISION-26SEP-H0, KXVENEZUELALEADER-26DEC31-NMAD, KXRATECUTCOUNT-26DEC31-T0"
none,55,False,0,0.16639271032162373,0.4576778864090031,-0.12062492168072342,0.16639271032162373,0.4576778864090031,-0.12062492168072342,1.0,0.0,,"KXBALLONDOR-26-HKAN, KXTAKEOVERACQWB-27JUN30-PSKY, KXRATECUTCOUNT-26DEC31-T0","KXBALLONDOR-26-HKAN, KXTAKEOVERACQWB-27JUN30-PSKY, KXRATECUTCOUNT-26DEC31-T0"
none,56,False,0,0.2311972260914471,0.3152113327554672,-0.19967609281590037,0.2311972260914471,0.3152113327554672,-0.19967609281590037,1.0,0.0,,"CONTROLH-2026-D, KXF1-26-KA, KXRATECUTCOUNT-26DEC31-T0","CONTROLH-2026-D, KXF1-26-KA, KXRATECUTCOUNT-26DEC31-T0"
none,57,True,1,0.0971277690672736,0.040207858848257505,-0.09310698318244785,0.10721722781911053,0.4778574757075721,-0.05943148024835332,0.08414194794948224,-0.010089458751836922,SENATEOHS-26-D+SENATEOHS-26-R,"KXGOVCA-26-XBEC, SENATEOHS-26-D, SENATEOHS-26-R","KXGOVCA-26-XBEC, SENATEMI-26-R, SENATEOHS-26-R"
none,58,True,1,0.1315822498085234,0.08025143696966938,-0.12355710611155646,0.16479293888022617,0.44215561905883605,-0.12057737697434256,0.1815004344861455,-0.03321068907170277,SENATETX-26-D+SENATETX-26-R,"SENATETX-26-D, SENATETX-26-R, KXRATECUTCOUNT-26DEC31-T0","KXVENEZUELALEADER-26DEC31-NMAD, KXRATECUTCOUNT-26DEC31-T0, SENATEMI-26-D"
none,59,False,0,0.2094971284371353,0.3308948719753582,-0.17640764123959948,0.2094971284371353,0.3308948719753582,-0.17640764123959948,1.0,0.0,,"CONTROLH-2026-D, KXVENEZUELALEADER-26DEC31-NMAD, KXRATECUTCOUNT-26DEC31-T0","CONTROLH-2026-D, KXVENEZUELALEADER-26DEC31-NMAD, KXRATECUTCOUNT-26DEC31-T0"
none,60,True,1,0.0853197620006288,0.24840000000000012,-0.06047976200062878,0.123873455522019,0.6980179199287714,-0.05407166352914186,0.3558647892955927,-0.03855369352139021,SENATEME-26-D+SENATEME-26-R,"KXFEDDECISION-26SEP-H25, SENATEME-26-D, SENATEME-26-R","KXFEDDECISION-26SEP-H25, KXBALANCEPOWERCOMBO-27FEB-DD, SENATEME-26-D"
none,61,False,0,0.19732984041165913,0.3308948719753582,-0.1642403532141233,0.19732984041165913,0.3308948719753582,-0.1642403532141233,1.0,0.0,,"CONTROLH-2026-D, KXVENEZUELALEADER-26DEC31-NMAD, KXRATECUTCOUNT-26DEC31-T0","CONTROLH-2026-D, KXVENEZUELALEADER-26DEC31-NMAD, KXRATECUTCOUNT-26DEC31-T0"
none,62,True,1,0.12207745950395754,0.21753499961402528,-0.10032395954255502,0.12918183241676506,0.6436794960031968,-0.06481388281644537,0.33795545914506636,-0.007104372912807522,SENATETX-26-D+SENATETX-26-R,"SENATETX-26-D, SENATETX-26-R, SENATEME-26-D","SENATETX-26-R, SENATEME-26-D, SENATEOHS-26-R"
none,63,False,0,0.1765298685611566,0.38619507445682155,-0.13791036111547444,0.1765298685611566,0.38619507445682155,-0.13791036111547444,1.0,0.0,,"KXF1-26-KA, KXTAKEOVERACQWB-27JUN30-PSKY, KXVENEZUELALEADER-26DEC31-NMAD","KXF1-26-KA, KXTAKEOVERACQWB-27JUN30-PSKY, KXVENEZUELALEADER-26DEC31-NMAD"
none,64,True,1,0.09271945472401255,0.08025143696966938,-0.08469431102704561,0.1465814415971609,0.6215420536801078,-0.08442723622915013,0.12911666474457542,-0.05386198687314836,SENATETX-26-D+SENATETX-26-R,"SENATETX-26-D, SENATETX-26-R, KXRATECUTCOUNT-26DEC31-T0","KXFEDDECISION-26SEP-H25, SENATETX-26-R, KXRATECUTCOUNT-26DEC31-T0"
none,65,True,1,0.14606706682016962,0.11309785119943688,-0.13475728170022594,0.165975750513493,0.47879308235944895,-0.1180964422775481,0.23621446375561841,-0.01990868369332338,SENATEOHS-26-D+SENATEOHS-26-R,"KXF1-26-KA, SENATEOHS-26-D, SENATEOHS-26-R","KXF1-26-KA, KXVENEZUELALEADER-26DEC31-NMAD, SENATEOHS-26-D"
none,66,True,1,0.11260097711677924,0.2483990466951329,-0.08776107244726596,0.13715827879355652,0.794593270552586,-0.05769895173829792,0.3126115660687488,-0.024557301676777277,SENATETX-26-D+SENATETX-26-R,"SENATETX-26-D, SENATETX-26-R, KXWNBA-26-MIN","SENATETX-26-R, KXWNBA-26-MIN, SENATEOHS-26-D"
none,67,True,1,0.12158593373771737,0.12040748388727349,-0.10954518534899002,0.14541356680905904,0.4020589199667646,-0.10520767481238258,0.299477210696449,-0.02382763307134167,SENATETX-26-D+SENATETX-26-R,"SENATETX-26-D, SENATETX-26-R, KXVENEZUELALEADER-26DEC31-NMAD","KXGOVCA-26-XBEC, SENATEME-26-D, KXVENEZUELALEADER-26DEC31-NMAD"
none,68,True,1,0.0889437225775877,0.38001467844264836,-0.05094225473332287,0.10851550182079578,0.7260900971511793,-0.03590649210567784,0.5233712454330932,-0.019571779243208076,KXATP-26USO-ALC+KXATP-26USO-ZVE,"KXATP-26USO-ALC, KXATP-26USO-ZVE, KXWNBA-26-MIN","KXFEDDECISION-26SEP-H25, KXBALLONDOR-26-HKAN, KXWNBA-26-MIN"
none,69,False,0,0.11667581626696288,0.42212811350274226,-0.07446300491668865,0.11667581626696288,0.42212811350274226,-0.07446300491668865,1.0,0.0,,"KXGOVCA-26-XBEC, KXVENEZUELALEADER-26DEC31-NMAD, SENATEOHS-26-D","KXGOVCA-26-XBEC, KXVENEZUELALEADER-26DEC31-NMAD, SENATEOHS-26-D"
none,70,False,0,0.20382907872721956,0.49578041615936935,-0.15425103711128263,0.20382907872721956,0.49578041615936935,-0.15425103711128263,1.0,0.0,,"KXFEDDECISION-26SEP-H25, CONTROLH-2026-D, KXRATECUTCOUNT-26DEC31-T0","KXFEDDECISION-26SEP-H25, CONTROLH-2026-D, KXRATECUTCOUNT-26DEC31-T0"
none,71,False,0,0.15338442927275142,0.4824526451563745,-0.10513916475711396,0.15338442927275142,0.4824526451563745,-0.10513916475711396,1.0,0.0,,"SENATEME-26-D, KXTAKEOVERACQWB-27JUN30-PSKY, KXVENEZUELALEADER-26DEC31-NMAD","SENATEME-26-D, KXTAKEOVERACQWB-27JUN30-PSKY, KXVENEZUELALEADER-26DEC31-NMAD"
none,72,True,1,0.10918675418554724,0.15389999999999998,-0.09379675418554724,0.13570216653362355,0.4781484855488919,-0.08788731797873436,0.32186654282367966,-0.026515412348076306,SENATEME-26-D+SENATEME-26-R,"SENATEME-26-D, SENATEME-26-R, KXTAKEOVERACQWB-27JUN30-PSKY","KXF1-26-KA, SENATEME-26-D, KXTAKEOVERACQWB-27JUN30-PSKY"
none,73,False,0,0.1879987587731291,0.3143824654006925,-0.15656051223305986,0.1879987587731291,0.3143824654006925,-0.15656051223305986,1.0,0.0,,"KXF1-26-KA, KXVENEZUELALEADER-26DEC31-NMAD, KXRATECUTCOUNT-26DEC31-T0","KXF1-26-KA, KXVENEZUELALEADER-26DEC31-NMAD, KXRATECUTCOUNT-26DEC31-T0"
none,74,False,0,0.15530583094974332,0.43775962107566413,-0.1115298688421769,0.15530583094974332,0.43775962107566413,-0.1115298688421769,1.0,0.0,,"KXGOVCA-26-XBEC, KXTAKEOVERACQWB-27JUN30-PSKY, KXWNBA-26-MIN","KXGOVCA-26-XBEC, KXTAKEOVERACQWB-27JUN30-PSKY, KXWNBA-26-MIN"
none,75,True,1,0.1416846253152999,0.1204000000000003,-0.12964462531529988,0.14148920969752515,0.6228379545144087,-0.07920541424608428,0.19330870754957336,0.00019541561777475236,CONTROLS-2026-D+CONTROLS-2026-R,"CONTROLS-2026-D, CONTROLS-2026-R, KXVENEZUELALEADER-26DEC31-NMAD","CONTROLS-2026-R, KXVENEZUELALEADER-26DEC31-NMAD, KXWNBA-26-MIN"
none,76,True,1,0.08674900771689503,0.2176,-0.06498900771689503,0.10941182167156183,0.5675990877105798,-0.05265191290050385,0.38336918559487676,-0.022662813954666794,SENATEMI-26-D+SENATEMI-26-R,"SENATEME-26-D, SENATEMI-26-D, SENATEMI-26-R","KXFEDDECISION-26SEP-H0, SENATEME-26-D, KXVENEZUELALEADER-26DEC31-NMAD"
none,77,False,0,0.1981250328979859,0.3308948719753582,-0.16503554570045006,0.1981250328979859,0.3308948719753582,-0.16503554570045006,1.0,0.0,,"CONTROLH-2026-D, KXVENEZUELALEADER-26DEC31-NMAD, KXRATECUTCOUNT-26DEC31-T0","CONTROLH-2026-D, KXVENEZUELALEADER-26DEC31-NMAD, KXRATECUTCOUNT-26DEC31-T0"
none,78,False,0,0.1629889033128724,0.4825835095548271,-0.1147305523573897,0.1629889033128724,0.4825835095548271,-0.1147305523573897,1.0,0.0,,"KXFEDDECISION-26SEP-H25, KXF1-26-KA, KXVENEZUELALEADER-26DEC31-NMAD","KXFEDDECISION-26SEP-H25, KXF1-26-KA, KXVENEZUELALEADER-26DEC31-NMAD"
none,79,False,0,0.18608674880793108,0.42401596046948375,-0.1436851527609827,0.18608674880793108,0.42401596046948375,-0.1436851527609827,1.0,0.0,,"KXF1-26-KA, KXRATECUTCOUNT-26DEC31-T0, SENATEMI-26-D","KXF1-26-KA, KXRATECUTCOUNT-26DEC31-T0, SENATEMI-26-D"
none,80,True,1,0.09953826110306563,0.2303959422143718,-0.07649866688162844,0.11644796794028311,0.6557555456950293,-0.05087241337078019,0.3513442527888609,-0.016909706837217486,SENATETX-26-D+SENATETX-26-R,"SENATETX-26-D, SENATETX-26-R, KXBALLONDOR-26-HKAN","SENATETX-26-D, KXBALLONDOR-26-HKAN, SENATEME-26-D"
none,81,True,1,0.12402430392180042,0.1131000000000001,-0.1127143039218004,0.1095579428768042,0.48557858662081327,-0.061000084214722874,0.23291801392452985,0.014466361044996212,CONTROLS-2026-D+CONTROLS-2026-R,"CONTROLS-2026-D, CONTROLS-2026-R, KXF1-26-KA","CONTROLS-2026-R, KXF1-26-KA, KXVENEZUELALEADER-26DEC31-NMAD"
none,82,True,1,0.11030393577005165,0.16537943147401532,-0.09376599262265012,0.12740092293975624,0.6474389966930109,-0.06265702327045515,0.25543631495591157,-0.01709698716970459,KXFEDDECISION-26SEP-H0+KXFEDDECISION-26SEP-H25,"KXFEDDECISION-26SEP-H0, KXFEDDECISION-26SEP-H25, KXTAKEOVERACQWB-27JUN30-PSKY","KXFEDDECISION-26SEP-H25, KXBALANCEPOWERCOMBO-27FEB-DD, KXTAKEOVERACQWB-27JUN30-PSKY"
none,83,True,1,0.07675815126493524,0.040236000000000105,-0.07273455126493522,0.12529419467372427,0.5473211252210144,-0.07056208215162282,0.07351442899952447,-0.04853604340878903,CONTROLS-2026-D+CONTROLS-2026-R,"KXGOVCA-26-XBEC, CONTROLS-2026-D, CONTROLS-2026-R","KXFEDDECISION-26SEP-H25, KXGOVCA-26-XBEC, KXOSCARPIC-27-ODY"
none,84,False,0,0.1637089818605053,0.3888460710158977,-0.12482437475891553,0.1637089818605053,0.3888460710158977,-0.12482437475891553,1.0,0.0,,"KXGOVCA-26-XBEC, KXBALLONDOR-26-HKAN, KXVENEZUELALEADER-26DEC31-NMAD","KXGOVCA-26-XBEC, KXBALLONDOR-26-HKAN, KXVENEZUELALEADER-26DEC31-NMAD"
none,85,False,0,0.11034386896310788,0.45259956481173624,-0.06508391248193426,0.11034386896310788,0.45259956481173624,-0.06508391248193426,1.0,0.0,,"KXGOVCA-26-XBEC, SENATEME-26-D, SENATEMI-26-D","KXGOVCA-26-XBEC, SENATEME-26-D, SENATEMI-26-D"
none,86,True,1,0.11190604606823468,0.28397639408249314,-0.08350840665998537,0.12744748792785232,0.5433111557099464,-0.07311637235685768,0.5226772745194608,-0.015541441859617644,KXBALANCEPOWERCOMBO-27FEB-DD+KXBALANCEPOWERCOMBO-27FEB-DR,"KXBALANCEPOWERCOMBO-27FEB-DD, KXBALANCEPOWERCOMBO-27FEB-DR, SENATEME-26-D","KXATP-26USO-ALC, SENATEME-26-D, KXRATECUTCOUNT-26DEC31-T0"
none,87,False,0,0.20766185960490968,0.4447272408819409,-0.1631891355167156,0.20766185960490968,0.4447272408819409,-0.1631891355167156,1.0,0.0,,"KXATP-26USO-ALC, KXVENEZUELALEADER-26DEC31-NMAD, KXRATECUTCOUNT-26DEC31-T0","KXATP-26USO-ALC, KXVENEZUELALEADER-26DEC31-NMAD, KXRATECUTCOUNT-26DEC31-T0"
none,88,False,0,0.1988937145255134,0.46459516475495255,-0.15243419805001815,0.1988937145255134,0.46459516475495255,-0.15243419805001815,1.0,0.0,,"KXF1-26-KA, KXVENEZUELALEADER-26DEC31-NMAD, SENATEMI-26-D","KXF1-26-KA, KXVENEZUELALEADER-26DEC31-NMAD, SENATEMI-26-D"
none,89,True,1,0.1334532651418784,0.275204211602571,-0.10593284398162131,0.15972738030670552,0.5842906685101614,-0.10129831345568938,0.47100565939944483,-0.02627411516482711,KXVENEZUELALEADER-26DEC31-DROD+KXVENEZUELALEADER-26DEC31-NMAD,"SENATEME-26-D, KXVENEZUELALEADER-26DEC31-DROD, KXVENEZUELALEADER-26DEC31-NMAD","SENATEME-26-D, KXVENEZUELALEADER-26DEC31-NMAD, KXOSCARPIC-27-ODY"
none,90,True,1,0.14415776033700767,0.1131000000000001,-0.13284776033700765,0.14654728308750198,0.47172768231781137,-0.09937451485572084,0.23975697047137168,-0.0023895227504943106,CONTROLS-2026-D+CONTROLS-2026-R,"CONTROLS-2026-D, CONTROLS-2026-R, KXF1-26-KA","KXBALLONDOR-26-HKAN, KXF1-26-KA, KXTAKEOVERACQWB-27JUN30-PSKY"
none,91,True,1,0.11606791447474263,0.12040790897867854,-0.10402712357687477,0.15765134753750842,0.6097018104889755,-0.09668116648861086,0.1974865531104663,-0.041583433062765796,SENATEOHS-26-D+SENATEOHS-26-R,"KXVENEZUELALEADER-26DEC31-NMAD, SENATEOHS-26-D, SENATEOHS-26-R","KXATP-26USO-ALC, SENATETX-26-R, KXVENEZUELALEADER-26DEC31-NMAD"
none,92,False,0,0.16728069716538108,0.4808084522815168,-0.1191998519372294,0.16728069716538108,0.4808084522815168,-0.1191998519372294,1.0,0.0,,"CONTROLH-2026-D, KXRATECUTCOUNT-26DEC31-T0, SENATEMI-26-D","CONTROLH-2026-D, KXRATECUTCOUNT-26DEC31-T0, SENATEMI-26-D"
none,93,False,0,0.1487307050237392,0.6749439179771192,-0.08123631322602727,0.1487307050237392,0.6749439179771192,-0.08123631322602727,1.0,0.0,,"CONTROLS-2026-R, KXF1-26-KA, SENATEOHS-26-R","CONTROLS-2026-R, KXF1-26-KA, SENATEOHS-26-R"
none,94,True,1,0.11980110472688837,0.2547307209889375,-0.09432803262799462,0.14233182323131033,0.497149704221323,-0.09261685280917803,0.5123823243300886,-0.022530718504421954,KXATP-26USO-ALC+KXATP-26USO-ZVE,"KXATP-26USO-ALC, KXATP-26USO-ZVE, KXVENEZUELALEADER-26DEC31-NMAD","CONTROLH-2026-D, KXATP-26USO-ALC, KXVENEZUELALEADER-26DEC31-NMAD"
none,95,False,0,0.20040514786686808,0.394999519356473,-0.16090519593122077,0.20040514786686808,0.394999519356473,-0.16090519593122077,1.0,0.0,,"KXFEDDECISION-26SEP-H0, KXF1-26-KA, KXRATECUTCOUNT-26DEC31-T0","KXFEDDECISION-26SEP-H0, KXF1-26-KA, KXRATECUTCOUNT-26DEC31-T0"
none,96,False,0,0.19506448405767318,0.3143824654006925,-0.16362623751760394,0.19506448405767318,0.3143824654006925,-0.16362623751760394,1.0,0.0,,"KXF1-26-KA, KXVENEZUELALEADER-26DEC31-NMAD, KXRATECUTCOUNT-26DEC31-T0","KXF1-26-KA, KXVENEZUELALEADER-26DEC31-NMAD, KXRATECUTCOUNT-26DEC31-T0"
none,97,True,1,0.11152847535234711,0.12039999999999988,-0.09948847535234712,0.1379884414260028,0.506640899320933,-0.08732435149390949,0.23764366469697934,-0.026459966073655694,CONTROLH-2026-D+CONTROLH-2026-R,"CONTROLH-2026-D, CONTROLH-2026-R, KXVENEZUELALEADER-26DEC31-NMAD","KXFEDDECISION-26SEP-H0, CONTROLH-2026-D, KXVENEZUELALEADER-26DEC31-NMAD"
none,98,False,0,0.12811622416536916,0.26687875380775,-0.10142834878459417,0.12811622416536916,0.26687875380775,-0.10142834878459417,1.0,0.0,,"KXGOVCA-26-XBEC, KXTAKEOVERACQWB-27JUN30-PSKY, KXRATECUTCOUNT-26DEC31-T0","KXGOVCA-26-XBEC, KXTAKEOVERACQWB-27JUN30-PSKY, KXRATECUTCOUNT-26DEC31-T0"
none,99,False,0,0.16799875618931426,0.5481601503205588,-0.11318274115725838,0.16799875618931426,0.5481601503205588,-0.11318274115725838,1.0,0.0,,"KXATP-26USO-ALC, KXBALLONDOR-26-HKAN, KXRATECUTCOUNT-26DEC31-T0","KXATP-26USO-ALC, KXBALLONDOR-26-HKAN, KXRATECUTCOUNT-26DEC31-T0"
cap,frozen,False,0,0.09145578423450451,0.6032285238300694,-0.03113293185149757,0.09145578423450451,0.6032285238300694,-0.03113293185149757,1.0,0.0,,"CONTROLS-2026-R, SENATEMI-26-R, KXWTIMAX-26DEC31-T125","CONTROLS-2026-R, SENATEMI-26-R, KXWTIMAX-26DEC31-T125"
cap,0,False,0,0.07129831284800592,0.5334836405293786,-0.01794994879506806,0.07129831284800592,0.5334836405293786,-0.01794994879506806,1.0,0.0,,"KXGOVCA-26-XBEC, SENATETX-26-D, KXBALANCEPOWERCOMBO-27FEB-DD","KXGOVCA-26-XBEC, SENATETX-26-D, KXBALANCEPOWERCOMBO-27FEB-DD"
cap,1,False,0,0.13943165413507552,0.48249591308361994,-0.09118206282671353,0.13943165413507552,0.48249591308361994,-0.09118206282671353,1.0,0.0,,"KXF1-26-KA, KXTAKEOVERACQWB-27JUN30-PSKY, KXWTIMAX-26DEC31-T115","KXF1-26-KA, KXTAKEOVERACQWB-27JUN30-PSKY, KXWTIMAX-26DEC31-T115"
cap,2,True,1,0.07527571117554108,0.33191116296393286,-0.04208459487914779,0.08612736153098954,0.550715338698946,-0.031055827661094944,0.6026909723416572,-0.010851650355448467,KXBALLONDOR-26-HKAN+KXBALLONDOR-26-KMBA,"KXBALLONDOR-26-HKAN, KXBALLONDOR-26-KMBA, KXTAKEOVERACQWB-27JUN30-PSKY","KXNBA-27-OKC, KXBALLONDOR-26-HKAN, KXTAKEOVERACQWB-27JUN30-PSKY"
cap,3,True,1,0.08444944466652289,0.35475549334201645,-0.04897389533232124,0.09526258517235461,0.5167559488999454,-0.04358699028236007,0.6865049044857816,-0.010813140505831723,KXWNBA-26-GS+KXWNBA-26-MIN,"KXF1-26-KA, KXWNBA-26-GS, KXWNBA-26-MIN","KXNBA-27-OKC, KXF1-26-KA, KXWNBA-26-MIN"
cap,4,True,1,0.029991497528699076,0.23371969466872533,-0.006619528061826543,0.04844685109284105,0.4307199630726507,-0.005374854785575978,0.5426256377842956,-0.018455353564141977,KXOSCARPIC-27-DUN+KXOSCARPIC-27-WIL,"KXOSCARPIC-27-DUN, KXOSCARPIC-27-WIL, KXRATECUTCOUNT-26DEC31-T0","KXOSCARPIC-27-DUN, KXRATECUTCOUNT-26DEC31-T0, SENATEOHS-26-R"
cap,5,True,1,0.07059847464650051,0.4956550194365014,-0.021032972702850372,0.07791363876727181,0.5921682484835121,-0.018696813918920592,0.8370172171605416,-0.007315164120771295,KXWNBA-26-GS+KXWNBA-26-MIN,"CONTROLS-2026-R, KXWNBA-26-GS, KXWNBA-26-MIN","KXBALANCEPOWERCOMBO-27FEB-DR, CONTROLS-2026-R, SENATEME-26-D"
cap,6,True,3,0.05979007235334269,0.08195970009968134,-0.051594102343374554,0.09604364831619744,0.6158385955239831,-0.034459788763799126,0.1330863325153344,-0.03625357596285475,KXBALLONDOR-26-HKAN+KXBALLONDOR-26-KMBA;KXBALLONDOR-26-HKAN+KXBALLONDOR-26-LYAM;KXBALLONDOR-26-KMBA+KXBALLONDOR-26-LYAM,"KXBALLONDOR-26-HKAN, KXBALLONDOR-26-KMBA, KXBALLONDOR-26-LYAM","KXBALLONDOR-26-HKAN, KXTAKEOVERACQWB-27JUN30-PSKY, SENATEMI-26-R"
cap,7,True,1,0.08369315544788847,0.3989992037205776,-0.0437932350758307,0.08041467775303171,0.4064289293382408,-0.03977178481920762,0.9817194961250408,0.0032784776948567573,KXNBA-27-OKC+KXNBA-27-SAS,"KXNBA-27-OKC, KXNBA-27-SAS, KXTAKEOVERACQWB-27JUN30-PSKY","KXMLBAL-26-TB, KXTAKEOVERACQWB-27JUN30-PSKY, KXRATECUTCOUNT-26DEC31-T0"
cap,8,True,1,0.09431200986405902,0.35837498160159253,-0.058474511703899765,0.10071698148237496,0.4795925215573489,-0.052757729326640065,0.7472488946196769,-0.0064049716183159355,KXMLB-26-LAD+KXMLB-26-MIL,"KXMLB-26-LAD, KXMLB-26-MIL, KXF1-26-KA","KXMLB-26-LAD, KXNBA-27-OKC, KXF1-26-KA"
cap,9,False,0,0.1699606496583318,0.47172768231781137,-0.12278788142655066,0.1699606496583318,0.47172768231781137,-0.12278788142655066,1.0,0.0,,"KXBALLONDOR-26-HKAN, KXF1-26-KA, KXTAKEOVERACQWB-27JUN30-PSKY","KXBALLONDOR-26-HKAN, KXF1-26-KA, KXTAKEOVERACQWB-27JUN30-PSKY"
cap,10,True,3,0.04525492975174231,0.08195970009968134,-0.03705895974177417,0.06451603384516724,0.45121858916667823,-0.019394174928499416,0.1816407880070867,-0.019261104093424936,KXBALLONDOR-26-HKAN+KXBALLONDOR-26-KMBA;KXBALLONDOR-26-HKAN+KXBALLONDOR-26-LYAM;KXBALLONDOR-26-KMBA+KXBALLONDOR-26-LYAM,"KXBALLONDOR-26-HKAN, KXBALLONDOR-26-KMBA, KXBALLONDOR-26-LYAM","CONTROLH-2026-D, KXBALLONDOR-26-HKAN, KXF1-26-KA"
cap,11,False,0,0.07245248940901777,0.5875942991166216,-0.013693059497355609,0.07245248940901777,0.5875942991166216,-0.013693059497355609,1.0,0.0,,"SENATEME-26-D, KXWTIMAX-26DEC31-T115, KXTRUMPOUT27-27-28","SENATEME-26-D, KXWTIMAX-26DEC31-T115, KXTRUMPOUT27-27-28"
cap,12,True,1,0.08171545798618668,0.3320135018545457,-0.048514107800732106,0.1002485582610545,0.5306313371850719,-0.0471854245425473,0.6256952399679838,-0.01853310027486782,KXF1-26-KA+KXF1-26-LN,"KXF1-26-KA, KXF1-26-LN, KXWNBA-26-MIN","KXNFLNFCCHAMP-27-LAR, KXF1-26-KA, KXWNBA-26-MIN"
cap,13,True,1,0.06440611682250486,0.2519051001779645,-0.0392156068047084,0.0757818725907268,0.3965099173733083,-0.03613088085339597,0.6353059258812928,-0.011375755768221946,KXF1-26-KA+KXF1-26-LN,"KXNBA-27-OKC, KXF1-26-KA, KXF1-26-LN","CONTROLH-2026-D, KXNBA-27-OKC, KXF1-26-KA"
cap,14,True,1,0.09695233380939186,0.31781139718811724,-0.06517119409058014,0.12565303435931563,0.6457911450283071,-0.061073919856484915,0.492127214246932,-0.02870070054992377,KXBALLONDOR-26-HKAN+KXBALLONDOR-26-LYAM,"KXBALLONDOR-26-HKAN, KXBALLONDOR-26-LYAM, KXTAKEOVERACQWB-27JUN30-PSKY","CONTROLS-2026-D, KXBALLONDOR-26-HKAN, KXTAKEOVERACQWB-27JUN30-PSKY"
cap,15,False,0,0.0528438876255681,0.4306009982630497,-0.00978378779926313,0.0528438876255681,0.4306009982630497,-0.00978378779926313,1.0,0.0,,"CONTROLH-2026-D, KXLLM1-26DEC31-OAI, KXWTIMAX-26DEC31-T130","CONTROLH-2026-D, KXLLM1-26DEC31-OAI, KXWTIMAX-26DEC31-T130"
cap,16,True,1,0.07362357421903229,0.24054531481536515,-0.04956904273749577,0.09469206450091217,0.5020422630912007,-0.04448783819179209,0.4791335959133541,-0.021068490281879876,KXBALLONDOR-26-HKAN+KXBALLONDOR-26-LYAM,"KXBALLONDOR-26-HKAN, KXBALLONDOR-26-LYAM, KXF1-26-KA","KXBALLONDOR-26-HKAN, KXNFLNFCCHAMP-27-LAR, KXF1-26-KA"
cap,17,True,1,0.08326228429044552,0.395323833630545,-0.04372990092739101,0.08785265973328768,0.48324009895253195,-0.03952864983803448,0.8180691844229119,-0.0045903754428421595,KXMLB-26-LAD+KXMLB-26-TB,"KXMLB-26-LAD, KXMLB-26-TB, KXTAKEOVERACQWB-27JUN30-PSKY","KXMLB-26-LAD, KXTAKEOVERACQWB-27JUN30-PSKY, KXOSCARPIC-27-DUN"
cap,18,False,0,0.11584014704900214,0.5799350602034059,-0.05784664102866155,0.11584014704900214,0.5799350602034059,-0.05784664102866155,1.0,0.0,,"CONTROLS-2026-D, KXF1-26-KA, KXWTIMAX-26DEC31-T115","CONTROLS-2026-D, KXF1-26-KA, KXWTIMAX-26DEC31-T115"
cap,19,True,1,0.0782854630449854,0.3503297278985346,-0.04325249025513194,0.09047938899565044,0.5376505934508369,-0.03671432965056676,0.6515936784334062,-0.012193925950665041,KXOSCARPIC-27-DUN+KXOSCARPIC-27-ODY,"KXF1-26-KA, KXOSCARPIC-27-DUN, KXOSCARPIC-27-ODY","KXNBA-27-SAS, KXF1-26-KA, KXOSCARPIC-27-ODY"
cap,20,True,3,0.04367097379722869,0.1976624067771728,-0.023904733119511405,0.0542199988050447,0.41735282281172303,-0.012484716523872397,0.4736098475278377,-0.010549025007816015,KXOSCARPIC-27-BLA+KXOSCARPIC-27-DUN;KXOSCARPIC-27-BLA+KXOSCARPIC-27-ODY;KXOSCARPIC-27-DUN+KXOSCARPIC-27-ODY,"KXOSCARPIC-27-BLA, KXOSCARPIC-27-DUN, KXOSCARPIC-27-ODY","KXOSCARPIC-27-ODY, KXWNBA-26-NY, KXWTIMAX-26DEC31-T135"
cap,21,True,1,0.086190840637311,0.33191116296393286,-0.052999724340917716,0.0890542398418318,0.4505841735986814,-0.04399582248196366,0.7366241035788217,-0.0028633992045208057,KXBALLONDOR-26-HKAN+KXBALLONDOR-26-KMBA,"KXBALLONDOR-26-HKAN, KXBALLONDOR-26-KMBA, KXTAKEOVERACQWB-27JUN30-PSKY","KXBALLONDOR-26-HKAN, KXNFLNFCCHAMP-27-PHI, KXTAKEOVERACQWB-27JUN30-PSKY"
cap,22,False,0,0.15302864905170344,0.47172768231781137,-0.1058558808199223,0.15302864905170344,0.47172768231781137,-0.1058558808199223,1.0,0.0,,"KXBALLONDOR-26-HKAN, KXF1-26-KA, KXTAKEOVERACQWB-27JUN30-PSKY","KXBALLONDOR-26-HKAN, KXF1-26-KA, KXTAKEOVERACQWB-27JUN30-PSKY"
cap,23,True,1,0.10184595541926773,0.3559789004575134,-0.0662480653735164,0.12027165836898068,0.56519331075145,-0.06375232729383568,0.6298356574394404,-0.01842570294971295,KXTAKEOVERACQWB-27JUN30-NFLX+KXTAKEOVERACQWB-27JUN30-PSKY,"KXBALLONDOR-26-HKAN, KXTAKEOVERACQWB-27JUN30-NFLX, KXTAKEOVERACQWB-27JUN30-PSKY","KXBALLONDOR-26-HKAN, KXTAKEOVERACQWB-27JUN30-PSKY, KXBTCMAXY-26DEC31-99999.99"
cap,24,False,0,0.09163569090213503,0.5606968268193937,-0.03556600822019565,0.09163569090213503,0.5606968268193937,-0.03556600822019565,1.0,0.0,,"CONTROLS-2026-D, SENATEME-26-R, KXBTCMAXY-26DEC31-99999.99","CONTROLS-2026-D, SENATEME-26-R, KXBTCMAXY-26DEC31-99999.99"
cap,25,True,1,0.09171136623744797,0.2976598224040996,-0.061945383997038,0.10306031154077597,0.4615848396541666,-0.056901827575359304,0.6448648153763356,-0.011348945303328,KXTAKEOVERACQWB-27JUN30-NFLX+KXTAKEOVERACQWB-27JUN30-PSKY,"KXTAKEOVERACQWB-27JUN30-NFLX, KXTAKEOVERACQWB-27JUN30-PSKY, KXWTIMAX-26DEC31-T125","KXINXY-26DEC31H1600-B8100, KXTAKEOVERACQWB-27JUN30-PSKY, KXWTIMAX-26DEC31-T125"
cap,26,False,0,0.1333434868412171,0.47172768231781137,-0.08617071860943597,0.1333434868412171,0.47172768231781137,-0.08617071860943597,1.0,0.0,,"KXBALLONDOR-26-HKAN, KXF1-26-KA, KXTAKEOVERACQWB-27JUN30-PSKY","KXBALLONDOR-26-HKAN, KXF1-26-KA, KXTAKEOVERACQWB-27JUN30-PSKY"
cap,27,True,1,0.03719115484417773,0.3039195383275163,-0.006799201011426101,0.05130390699365364,0.44696739801221375,-0.006607167192432262,0.6799590745972292,-0.01411275214947591,KXMLBAL-26-CLE+KXMLBAL-26-TB,"KXMLBAL-26-CLE, KXMLBAL-26-TB, KXNFLAFCCHAMP-27-BAL","KXNBA-27-SAS, KXMLBAL-26-TB, KXNFLAFCCHAMP-27-BAL"
cap,28,False,0,0.12270562012313657,0.6020691305217176,-0.062498707070964804,0.12270562012313657,0.6020691305217176,-0.062498707070964804,1.0,0.0,,"KXFEDDECISION-26SEP-H0, SENATEME-26-D, KXTAKEOVERACQWB-27JUN30-PSKY","KXFEDDECISION-26SEP-H0, SENATEME-26-D, KXTAKEOVERACQWB-27JUN30-PSKY"
cap,29,False,0,0.0877083226568228,0.5727689202225793,-0.03043143063456486,0.0877083226568228,0.5727689202225793,-0.03043143063456486,1.0,0.0,,"CONTROLS-2026-R, KXMLBAL-26-TB, KXTAKEOVERACQWB-27JUN30-PSKY","CONTROLS-2026-R, KXMLBAL-26-TB, KXTAKEOVERACQWB-27JUN30-PSKY"
cap,30,True,1,0.06334324209304906,0.3612392929404248,-0.027219312799006586,0.08020469734482763,0.531953517167923,-0.027009345628035322,0.6790805611430736,-0.016861455251778568,KXTAKEOVERACQWB-27JUN30-NFLX+KXTAKEOVERACQWB-27JUN30-PSKY,"KXTAKEOVERACQWB-27JUN30-NFLX, KXTAKEOVERACQWB-27JUN30-PSKY, SENATEMI-26-D","KXTAKEOVERACQWB-27JUN30-PSKY, SENATEMI-26-D, KXTRUMPOUT27-27-28"
cap,31,True,1,0.05248021208768469,0.42708934547107563,-0.009771277540577127,0.04799053736180378,0.4114815633556756,-0.006842381026236216,1.0379306960635537,0.00448967472588091,KXWNBA-26-LV+KXWNBA-26-MIN,"KXWNBA-26-LV, KXWNBA-26-MIN, KXBTCMINY-27JAN01-55000.00","CONTROLH-2026-R, KXBALLONDOR-26-LYAM, KXBTCMINY-27JAN01-55000.00"
cap,32,False,0,0.15794442987788293,0.4599085646230079,-0.11195357341558214,0.15794442987788293,0.4599085646230079,-0.11195357341558214,1.0,0.0,,"KXF1-26-KA, KXTAKEOVERACQWB-27JUN30-PSKY, KXWTIMAX-26DEC31-T120","KXF1-26-KA, KXTAKEOVERACQWB-27JUN30-PSKY, KXWTIMAX-26DEC31-T120"
cap,33,True,1,0.0861581562496622,0.24054531481536515,-0.06210362476812568,0.10716252188030376,0.4875718601234783,-0.058405335867955925,0.4933535638304612,-0.021004365630641564,KXBALLONDOR-26-HKAN+KXBALLONDOR-26-LYAM,"KXBALLONDOR-26-HKAN, KXBALLONDOR-26-LYAM, KXF1-26-KA","KXNBA-27-OKC, KXBALLONDOR-26-HKAN, KXF1-26-KA"
cap,34,False,0,0.06183667880649904,0.5086699571368521,-0.01096968309281382,0.06183667880649904,0.5086699571368521,-0.01096968309281382,1.0,0.0,,"KXNBA-27-OKC, KXMLBAL-26-TB, KXWTIMAX-26DEC31-T125","KXNBA-27-OKC, KXMLBAL-26-TB, KXWTIMAX-26DEC31-T125"
cap,35,True,1,0.11897620418723684,0.390343685793832,-0.07994183560785365,0.1350161514083087,0.5889596157654005,-0.07612018983176864,0.6627681683854485,-0.016039947221071854,KXOSCARPIC-27-DUN+KXOSCARPIC-27-ODY,"KXTAKEOVERACQWB-27JUN30-PSKY, KXOSCARPIC-27-DUN, KXOSCARPIC-27-ODY","KXNFLNFCCHAMP-27-LAR, KXTAKEOVERACQWB-27JUN30-PSKY, KXOSCARPIC-27-ODY"
cap,36,True,1,0.1120390948405793,0.3767563939689377,-0.07436345544368553,0.12084234655571746,0.4824203162766437,-0.07260031492805308,0.7809712428298456,-0.008803251715138155,KXTAKEOVERACQWB-27JUN30-NFLX+KXTAKEOVERACQWB-27JUN30-PSKY,"CONTROLS-2026-D, KXTAKEOVERACQWB-27JUN30-NFLX, KXTAKEOVERACQWB-27JUN30-PSKY","CONTROLS-2026-D, KXTAKEOVERACQWB-27JUN30-PSKY, KXRATECUTCOUNT-26DEC31-T0"
cap,37,False,0,0.11408511504516816,0.516401190608196,-0.06244499598434856,0.11408511504516816,0.516401190608196,-0.06244499598434856,1.0,0.0,,"KXF1-26-KA, KXTAKEOVERACQWB-27JUN30-PSKY, KXOSCARPIC-27-ODY","KXF1-26-KA, KXTAKEOVERACQWB-27JUN30-PSKY, KXOSCARPIC-27-ODY"
cap,38,True,1,0.08210754167439922,0.3233815360636395,-0.04976938806803527,0.10568080039651545,0.6109795381013103,-0.044582846586384416,0.5292837417576783,-0.023573258722116228,KXF1-26-GR+KXF1-26-KA,"KXF1-26-GR, KXF1-26-KA, KXOSCARPIC-27-ODY","KXF1-26-KA, KXOSCARPIC-27-ODY, SENATEOHS-26-R"
cap,39,False,0,0.13743179603716427,0.597831753528551,-0.07764862068430917,0.13743179603716427,0.597831753528551,-0.07764862068430917,1.0,0.0,,"KXTAKEOVERACQWB-27JUN30-PSKY, SENATEMI-26-R, KXWTIMAX-26DEC31-T115","KXTAKEOVERACQWB-27JUN30-PSKY, SENATEMI-26-R, KXWTIMAX-26DEC31-T115"
cap,40,False,0,0.11584563438152734,0.5799348055890745,-0.057852153822619885,0.11584563438152734,0.5799348055890745,-0.057852153822619885,1.0,0.0,,"KXF1-26-KA, KXWNBA-26-MIN, SENATEMI-26-D","KXF1-26-KA, KXWNBA-26-MIN, SENATEMI-26-D"
cap,41,False,0,0.13367120912048647,0.516401190608196,-0.08203109005966686,0.13367120912048647,0.516401190608196,-0.08203109005966686,1.0,0.0,,"KXF1-26-KA, KXTAKEOVERACQWB-27JUN30-PSKY, KXOSCARPIC-27-ODY","KXF1-26-KA, KXTAKEOVERACQWB-27JUN30-PSKY, KXOSCARPIC-27-ODY"
cap,42,True,1,0.09214412558849101,0.4026723990314161,-0.0518768856853494,0.10687212996940657,0.5755884544221569,-0.04931328452719087,0.6995838709719531,-0.014728004380915552,KXWNBA-26-LV+KXWNBA-26-MIN,"KXTAKEOVERACQWB-27JUN30-PSKY, KXWNBA-26-LV, KXWNBA-26-MIN","KXLLM1-26DEC31-OAI, KXTAKEOVERACQWB-27JUN30-PSKY, KXWNBA-26-MIN"
cap,43,False,0,0.09828148431702166,0.5622602783599975,-0.04205545648102191,0.09828148431702166,0.5622602783599975,-0.04205545648102191,1.0,0.0,,"SENATEME-26-R, KXTAKEOVERACQWB-27JUN30-PSKY, SENATEOHS-26-D","SENATEME-26-R, KXTAKEOVERACQWB-27JUN30-PSKY, SENATEOHS-26-D"
cap,44,True,1,0.07836894460553162,0.30315217782949505,-0.04805372682258212,0.09011632033135256,0.46177413928556343,-0.04393890640279621,0.6564944894889929,-0.011747375725820935,KXBALLONDOR-26-HKAN+KXBALLONDOR-26-KMBA,"CONTROLH-2026-D, KXBALLONDOR-26-HKAN, KXBALLONDOR-26-KMBA","CONTROLH-2026-D, KXBALANCEPOWERCOMBO-27FEB-RR, KXBALLONDOR-26-HKAN"
cap,45,False,0,0.12308069231855273,0.6467520946636631,-0.05840548285218641,0.12308069231855273,0.6467520946636631,-0.05840548285218641,1.0,0.0,,"KXATP-26USO-ZVE, SENATETX-26-D, KXBALLONDOR-26-HKAN","KXATP-26USO-ZVE, SENATETX-26-D, KXBALLONDOR-26-HKAN"
cap,46,False,0,0.05954430665984786,0.5393065146976301,-0.005613655190084846,0.05954430665984786,0.5393065146976301,-0.005613655190084846,1.0,0.0,,"CONTROLS-2026-R, KXMLBAL-26-TB, KXBTCMINY-27JAN01-45000.00","CONTROLS-2026-R, KXMLBAL-26-TB, KXBTCMINY-27JAN01-45000.00"
cap,47,True,3,0.042665600628875366,0.1976624067771728,-0.022899359951158084,0.046452093052405774,0.41207568348006784,-0.005244524704398984,0.4796750080176322,-0.0037864924235304076,KXOSCARPIC-27-BLA+KXOSCARPIC-27-DUN;KXOSCARPIC-27-BLA+KXOSCARPIC-27-ODY;KXOSCARPIC-27-DUN+KXOSCARPIC-27-ODY,"KXOSCARPIC-27-BLA, KXOSCARPIC-27-DUN, KXOSCARPIC-27-ODY","CONTROLH-2026-R, KXOSCARPIC-27-DUN, KXBTCMINY-27JAN01-55000.00"
cap,48,True,1,0.02652984231836583,0.2393285000307237,-0.002596992315293461,0.019443574338451605,0.1834665625074298,-0.001096918087708624,1.304480210234667,0.007086267979914226,KXINXY-26DEC31H1600-B7500+KXINXY-26DEC31H1600-B7700,"KXMLB-26-PHI, KXINXY-26DEC31H1600-B7500, KXINXY-26DEC31H1600-B7700","KXMLB-26-PHI, KXGOVCA-26-XBEC, KXWTIMAX-26DEC31-T160"
cap,49,False,0,0.14949272320937607,0.6334893031733111,-0.08614379289204495,0.14949272320937607,0.6334893031733111,-0.08614379289204495,1.0,0.0,,"KXBALLONDOR-26-HKAN, KXTAKEOVERACQWB-27JUN30-PSKY, KXWNBA-26-MIN","KXBALLONDOR-26-HKAN, KXTAKEOVERACQWB-27JUN30-PSKY, KXWNBA-26-MIN"
cap,50,False,0,0.1429059999192841,0.4781484855488919,-0.09509115136439492,0.1429059999192841,0.4781484855488919,-0.09509115136439492,1.0,0.0,,"KXF1-26-KA, SENATEME-26-D, KXTAKEOVERACQWB-27JUN30-PSKY","KXF1-26-KA, SENATEME-26-D, KXTAKEOVERACQWB-27JUN30-PSKY"
cap,51,False,0,0.043287667800261345,0.3688093024462143,-0.006406737555639912,0.043287667800261345,0.3688093024462143,-0.006406737555639912,1.0,0.0,,"CONTROLH-2026-D, KXOSCARPIC-27-BLA, KXWTIMAX-26DEC31-T130","CONTROLH-2026-D, KXOSCARPIC-27-BLA, KXWTIMAX-26DEC31-T130"
cap,52,True,1,0.08284986381939888,0.31781139718811724,-0.05106872410058715,0.09266731893022406,0.5094317048254203,-0.041724148447682026,0.6238547663558349,-0.009817455110825185,KXBALLONDOR-26-HKAN+KXBALLONDOR-26-LYAM,"KXBALLONDOR-26-HKAN, KXBALLONDOR-26-LYAM, KXTAKEOVERACQWB-27JUN30-PSKY","CONTROLH-2026-D, KXBALLONDOR-26-HKAN, KXTAKEOVERACQWB-27JUN30-PSKY"
cap,53,True,1,0.10724416258452946,0.31781139718811724,-0.07546302286571774,0.1334195795377321,0.6267666743814658,-0.07074291209958551,0.5070649257185765,-0.026175416953202635,KXBALLONDOR-26-HKAN+KXBALLONDOR-26-LYAM,"KXBALLONDOR-26-HKAN, KXBALLONDOR-26-LYAM, KXTAKEOVERACQWB-27JUN30-PSKY","SENATETX-26-D, KXBALLONDOR-26-HKAN, KXTAKEOVERACQWB-27JUN30-PSKY"
cap,54,False,0,0.07141114237673057,0.43354057664285117,-0.028057084712445453,0.07141114237673057,0.43354057664285117,-0.028057084712445453,1.0,0.0,,"KXFEDDECISION-26SEP-H0, KXTAKEOVERACQWB-27JUN30-PSKY, KXRATECUTCOUNT-26DEC31-T0","KXFEDDECISION-26SEP-H0, KXTAKEOVERACQWB-27JUN30-PSKY, KXRATECUTCOUNT-26DEC31-T0"
cap,55,False,0,0.14066096781395698,0.47172768231781137,-0.09348819958217584,0.14066096781395698,0.47172768231781137,-0.09348819958217584,1.0,0.0,,"KXBALLONDOR-26-HKAN, KXF1-26-KA, KXTAKEOVERACQWB-27JUN30-PSKY","KXBALLONDOR-26-HKAN, KXF1-26-KA, KXTAKEOVERACQWB-27JUN30-PSKY"
cap,56,True,1,0.10317725310217876,0.24054531481536515,-0.07912272162064224,0.12414838249987947,0.47172768231781137,-0.07697561426809833,0.5099241020443347,-0.02097112939770071,KXBALLONDOR-26-HKAN+KXBALLONDOR-26-LYAM,"KXBALLONDOR-26-HKAN, KXBALLONDOR-26-LYAM, KXF1-26-KA","KXBALLONDOR-26-HKAN, KXF1-26-KA, KXTAKEOVERACQWB-27JUN30-PSKY"
cap,57,True,1,0.056378384777742374,0.42139702451316874,-0.0142386823264255,0.06545705515225506,0.5345009325434467,-0.012006961897910388,0.7883934318092433,-0.009078670374512682,KXMLB-26-LAD+KXMLB-26-MIL,"KXMLB-26-LAD, KXMLB-26-MIL, KXMLBAL-26-TB","KXMLB-26-LAD, KXMLBAL-26-TB, KXALIENS-27-29"
cap,58,True,1,0.06649600397687011,0.31781139718811724,-0.034714864258058385,0.07851288491774197,0.538305639172795,-0.02468232100046247,0.5903921008081813,-0.01201688094087186,KXBALLONDOR-26-HKAN+KXBALLONDOR-26-LYAM,"KXBALLONDOR-26-HKAN, KXBALLONDOR-26-LYAM, KXTAKEOVERACQWB-27JUN30-PSKY","KXMLB-26-LAD, KXLLM1-26DEC31-OAI, KXTAKEOVERACQWB-27JUN30-PSKY"
cap,59,False,0,0.09774095112175918,0.5803721352268696,-0.03970373759907222,0.09774095112175918,0.5803721352268696,-0.03970373759907222,1.0,0.0,,"CONTROLS-2026-D, KXTAKEOVERACQWB-27JUN30-PSKY, SENATEOHS-26-R","CONTROLS-2026-D, KXTAKEOVERACQWB-27JUN30-PSKY, SENATEOHS-26-R"
cap,60,True,3,0.029602764295584824,0.1976624067771728,-0.009836523617867542,0.060959161241729815,0.5293761924812544,-0.008021541993604366,0.37338741255193897,-0.03135639694614499,KXOSCARPIC-27-BLA+KXOSCARPIC-27-DUN;KXOSCARPIC-27-BLA+KXOSCARPIC-27-ODY;KXOSCARPIC-27-DUN+KXOSCARPIC-27-ODY,"KXOSCARPIC-27-BLA, KXOSCARPIC-27-DUN, KXOSCARPIC-27-ODY","KXFEDDECISION-26SEP-H25, KXOSCARPIC-27-DUN, KXBTCMINY-27JAN01-55000.00"
cap,61,False,0,0.09156246981711419,0.6400178530098014,-0.02756068451613404,0.09156246981711419,0.6400178530098014,-0.02756068451613404,1.0,0.0,,"SENATEMI-26-D, SENATEOHS-26-D, KXWTIMAX-26DEC31-T115","SENATEMI-26-D, SENATEOHS-26-D, KXWTIMAX-26DEC31-T115"
cap,62,False,0,0.07573966772294632,0.6068901586969067,-0.015050651853255659,0.07573966772294632,0.6068901586969067,-0.015050651853255659,1.0,0.0,,"KXATP-26USO-ZVE, SENATEME-26-D, KXBTCMAXY-26DEC31-99999.99","KXATP-26USO-ZVE, SENATEME-26-D, KXBTCMAXY-26DEC31-99999.99"
cap,63,False,0,0.13727674548598645,0.5079870831763618,-0.08647803716835027,0.13727674548598645,0.5079870831763618,-0.08647803716835027,1.0,0.0,,"KXF1-26-KA, KXTAKEOVERACQWB-27JUN30-PSKY, KXWNBA-26-MIN","KXF1-26-KA, KXTAKEOVERACQWB-27JUN30-PSKY, KXWNBA-26-MIN"
cap,64,True,1,0.039112706144892505,0.31872687433749025,-0.007240018711143478,0.04720878286143271,0.4012842294151845,-0.007080359919914257,0.7942671328050693,-0.008096076716540203,KXNBA-27-BOS+KXNBA-27-SAS,"KXMLB-26-MIL, KXNBA-27-BOS, KXNBA-27-SAS","KXMLB-26-MIL, KXNBA-27-SAS, KXNFLAFCCHAMP-27-BAL"
cap,65,True,1,0.09717477707835134,0.24054531481536515,-0.07312024559681482,0.11969668101234254,0.570504689114512,-0.06264621210089133,0.4216359995019826,-0.0225219039339912,KXBALLONDOR-26-HKAN+KXBALLONDOR-26-LYAM,"KXBALLONDOR-26-HKAN, KXBALLONDOR-26-LYAM, KXF1-26-KA","KXBALLONDOR-26-HKAN, KXF1-26-KA, KXOSCARPIC-27-ODY"
cap,66,True,3,0.04111813987954484,0.2321930539223671,-0.017898834487308127,0.06974159745861011,0.5707696207500172,-0.012664635383608382,0.4068069593775066,-0.028623457579065273,KXWNBA-26-ATL+KXWNBA-26-MIN;KXWNBA-26-ATL+KXWNBA-26-NY;KXWNBA-26-MIN+KXWNBA-26-NY,"KXWNBA-26-ATL, KXWNBA-26-MIN, KXWNBA-26-NY","KXBALANCEPOWERCOMBO-27FEB-RR, SENATEME-26-R, KXWNBA-26-MIN"
cap,67,True,1,0.058778353722662026,0.2903792777563818,-0.029740425947023846,0.07822001206874635,0.5295970112369138,-0.02526031094505496,0.5483023347850454,-0.01944165834608432,KXF1-26-GR+KXF1-26-KA,"KXF1-26-GR, KXF1-26-KA, SENATEME-26-D","KXF1-26-KA, SENATEME-26-D, KXWTIMAX-26DEC31-T120"
cap,68,False,0,0.07862557330099512,0.5633084207627141,-0.022294731224723703,0.07862557330099512,0.5633084207627141,-0.022294731224723703,1.0,0.0,,"KXBALLONDOR-26-HKAN, SENATEME-26-R, KXBTCMINY-27JAN01-50000.00","KXBALLONDOR-26-HKAN, SENATEME-26-R, KXBTCMINY-27JAN01-50000.00"
cap,69,True,3,0.03240357236826224,0.2453124868937329,-0.007872323678888949,0.04835107818388436,0.4474204060101613,-0.0036090375828682214,0.5482818476727269,-0.01594750581562212,KXMLB-26-ATL+KXMLB-26-BOS;KXMLB-26-ATL+KXMLB-26-LAD;KXMLB-26-BOS+KXMLB-26-LAD,"KXMLB-26-ATL, KXMLB-26-BOS, KXMLB-26-LAD","KXMLB-26-LAD, KXLLM1-26DEC31-OAI, KXMLBAL-26-HOU"
cap,70,True,1,0.038727295850635376,0.2985556093829354,-0.008871734912341833,0.04703332530559998,0.4017302791871087,-0.006860297386889105,0.7431742760019368,-0.0083060294549646,KXNFLNFCCHAMP-27-CHI+KXNFLNFCCHAMP-27-LAR,"KXNFLNFCCHAMP-27-CHI, KXNFLNFCCHAMP-27-LAR, KXRATECUTCOUNT-26DEC31-T0","KXNFLNFCCHAMP-27-LAR, KXRATECUTCOUNT-26DEC31-T0, KXWTIMAX-26DEC31-T130"
cap,71,False,0,0.11651688131983884,0.5423926486926071,-0.06227761645057813,0.11651688131983884,0.5423926486926071,-0.06227761645057813,1.0,0.0,,"SENATEME-26-D, KXTAKEOVERACQWB-27JUN30-PSKY, SENATEOHS-26-R","SENATEME-26-D, KXTAKEOVERACQWB-27JUN30-PSKY, SENATEOHS-26-R"
cap,72,False,0,0.12495801139044549,0.5079870831763618,-0.07415930307280931,0.12495801139044549,0.5079870831763618,-0.07415930307280931,1.0,0.0,,"KXF1-26-KA, KXTAKEOVERACQWB-27JUN30-PSKY, KXWNBA-26-MIN","KXF1-26-KA, KXTAKEOVERACQWB-27JUN30-PSKY, KXWNBA-26-MIN"
cap,73,True,1,0.07645104731709249,0.29201494613126533,-0.047249552703965955,0.08600715730883873,0.4301502839370044,-0.04299212891513829,0.6788672634563017,-0.009556109991746248,KXF1-26-GR+KXF1-26-KA,"KXF1-26-GR, KXF1-26-KA, SENATEME-26-R","KXF1-26-KA, SENATEME-26-R, KXNFLAFCCHAMP-27-BAL"
cap,74,True,1,0.11507761383077758,0.31781139718811724,-0.08329647411196586,0.14475422732618165,0.6334893031733111,-0.08140529700885053,0.5016839204641943,-0.02967661349540407,KXBALLONDOR-26-HKAN+KXBALLONDOR-26-LYAM,"KXBALLONDOR-26-HKAN, KXBALLONDOR-26-LYAM, KXTAKEOVERACQWB-27JUN30-PSKY","KXBALLONDOR-26-HKAN, KXTAKEOVERACQWB-27JUN30-PSKY, KXWNBA-26-MIN"
cap,75,True,3,0.029351075235314425,0.2118364217265617,-0.008167433062658255,0.04176861523454037,0.37786645364358934,-0.003981969870181429,0.5606118767197306,-0.012417539999225943,KXWNBA-26-ATL+KXWNBA-26-IND;KXWNBA-26-ATL+KXWNBA-26-MIN;KXWNBA-26-IND+KXWNBA-26-MIN,"KXWNBA-26-ATL, KXWNBA-26-IND, KXWNBA-26-MIN","KXMLB-26-NYY, KXWTIMAX-26DEC31-T120, KXBTCMAXY-26DEC31-119999.99"
cap,76,True,1,0.06252782695385029,0.4025159830088672,-0.02227622865296356,0.08083185107572216,0.6129080328417557,-0.01954104779154659,0.6567314530739577,-0.018304024121871876,KXMLB-26-LAD+KXMLB-26-MIL,"KXMLB-26-LAD, KXMLB-26-MIL, KXTAKEOVERACQWB-27JUN30-PSKY","KXFEDDECISION-26SEP-H0, KXMLB-26-LAD, KXTAKEOVERACQWB-27JUN30-PSKY"
cap,77,True,1,0.06909966904907758,0.4199221903889039,-0.02710745001018719,0.08512000422601176,0.6398043401341224,-0.02113957021259953,0.6563290744493473,-0.016020335176934186,KXBALLONDOR-26-HKAN+KXBALLONDOR-26-LYAM,"KXBALLONDOR-26-HKAN, KXBALLONDOR-26-LYAM, KXOSCARPIC-27-ODY","KXBALLONDOR-26-HKAN, KXMLBAL-26-TB, KXOSCARPIC-27-ODY"
cap,78,True,1,0.0800436082261721,0.3009973396243649,-0.0499438742637356,0.09162822122962697,0.4222871115192768,-0.049399510077699285,0.7127788924020354,-0.011584613003454869,KXF1-26-KA+KXF1-26-LN,"KXF1-26-KA, KXF1-26-LN, KXWTIMAX-26DEC31-T115","KXF1-26-KA, KXWNBA-26-ATL, KXWTIMAX-26DEC31-T115"
cap,79,True,1,0.08228261395785376,0.30419356379580487,-0.05186325757827327,0.10319442834388687,0.528451872666633,-0.05034924107722357,0.5756315371933622,-0.02091181438603311,KXF1-26-GR+KXF1-26-KA,"KXF1-26-GR, KXF1-26-KA, SENATEMI-26-D","KXF1-26-KA, SENATEMI-26-D, KXWTIMAX-26DEC31-T120"
cap,80,True,1,0.07139199987021672,0.36316012680345255,-0.03507598718987146,0.0852197199111506,0.6009161032444407,-0.025128109586706526,0.6043441419570783,-0.013827720040933883,KXBALLONDOR-26-HKAN+KXBALLONDOR-26-KMBA,"KXBALLONDOR-26-HKAN, KXBALLONDOR-26-KMBA, KXWTIMAX-26DEC31-T120","KXBALLONDOR-26-HKAN, KXWTIMAX-26DEC31-T120, KXBTCMINY-27JAN01-55000.00"
cap,81,True,1,0.07698012364049514,0.3233815360636395,-0.04464197003413119,0.09291672918109417,0.5258304636844418,-0.04033368281264999,0.6149920143419179,-0.01593660554059903,KXF1-26-GR+KXF1-26-KA,"KXF1-26-GR, KXF1-26-KA, KXOSCARPIC-27-ODY","KXLLM1-26DEC31-OAI, KXF1-26-KA, KXOSCARPIC-27-ODY"
cap,82,True,1,0.04934315647283189,0.23295001893500294,-0.026048154579331594,0.05419153309716603,0.30508299185258836,-0.023683233911907194,0.7635627850652552,-0.004848376624334141,KXTAKEOVERACQWB-27JUN30-NFLX+KXTAKEOVERACQWB-27JUN30-PSKY,"KXTAKEOVERACQWB-27JUN30-NFLX, KXTAKEOVERACQWB-27JUN30-PSKY, KXWNBA-26-ATL","KXTAKEOVERACQWB-27JUN30-PSKY, KXWNBA-26-ATL, KXALIENS-27"
cap,83,True,1,0.06332436863378178,0.3924942239241085,-0.02407494624137093,0.08509460634106392,0.6106446473803392,-0.024030141603029992,0.6427538923134849,-0.021770237707282133,KXOSCARPIC-27-BLA+KXOSCARPIC-27-ODY,"KXOSCARPIC-27-BLA, KXOSCARPIC-27-ODY, KXGREENLAND-29","SENATEME-26-R, KXOSCARPIC-27-ODY, KXGREENLAND-29"
cap,84,True,1,0.09408342552739266,0.4257153621461468,-0.051511889312777975,0.10192938138875729,0.6478607740568829,-0.03714330398306899,0.6571093345879411,-0.007845955861364634,KXBALLONDOR-26-HKAN+KXBALLONDOR-26-KMBA,"KXBALLONDOR-26-HKAN, KXBALLONDOR-26-KMBA, SENATEOHS-26-D","KXATP-26USO-ZVE, KXBALLONDOR-26-HKAN, SENATEOHS-26-D"
cap,85,False,0,0.07783820541891973,0.6259797825758109,-0.015240227161338632,0.07783820541891973,0.6259797825758109,-0.015240227161338632,1.0,0.0,,"SENATEME-26-D, SENATEMI-26-D, KXWTIMAX-26DEC31-T115","SENATEME-26-D, SENATEMI-26-D, KXWTIMAX-26DEC31-T115"
cap,86,False,0,0.06475391784027021,0.539807391683908,-0.010773178671879408,0.06475391784027021,0.539807391683908,-0.010773178671879408,1.0,0.0,,"CONTROLS-2026-R, SENATEME-26-D, KXGREENLAND-29","CONTROLS-2026-R, SENATEME-26-D, KXGREENLAND-29"
cap,87,False,0,0.10617184914411171,0.6520948814990611,-0.040962360994205596,0.10617184914411171,0.6520948814990611,-0.040962360994205596,1.0,0.0,,"CONTROLS-2026-D, KXTAKEOVERACQWB-27JUN30-PSKY, KXOSCARPIC-27-ODY","CONTROLS-2026-D, KXTAKEOVERACQWB-27JUN30-PSKY, KXOSCARPIC-27-ODY"
cap,88,True,1,0.07605128242634782,0.2626935584172412,-0.0497819265846237,0.09031290060872815,0.4553123432780922,-0.044781666280918925,0.5769524202351686,-0.014261618182380337,KXF1-26-GR+KXF1-26-KA,"KXF1-26-GR, KXF1-26-KA, KXMLBAL-26-TB","KXLLM1-26DEC31-OAI, KXF1-26-KA, KXBTCMINY-27JAN01-55000.00"
cap,89,True,1,0.05946324830482877,0.39291359399580916,-0.020171888905247848,0.08701830453967474,0.6887548104775756,-0.018142823491917176,0.5704694733433032,-0.02755505623484597,KXBALLONDOR-26-HKAN+KXBALLONDOR-26-KMBA,"KXBALLONDOR-26-HKAN, KXBALLONDOR-26-KMBA, SENATEME-26-D","SENATEME-26-D, KXOSCARPIC-27-ODY, KXWTIMAX-26DEC31-T115"
cap,90,False,0,0.1358910542221653,0.47172768231781137,-0.08871828599038416,0.1358910542221653,0.47172768231781137,-0.08871828599038416,1.0,0.0,,"KXBALLONDOR-26-HKAN, KXF1-26-KA, KXTAKEOVERACQWB-27JUN30-PSKY","KXBALLONDOR-26-HKAN, KXF1-26-KA, KXTAKEOVERACQWB-27JUN30-PSKY"
cap,91,False,0,0.09182809594134272,0.5781693214831145,-0.03401116379303127,0.09182809594134272,0.5781693214831145,-0.03401116379303127,1.0,0.0,,"SENATETX-26-R, SENATEME-26-R, KXTAKEOVERACQWB-27JUN30-PSKY","SENATETX-26-R, SENATEME-26-R, KXTAKEOVERACQWB-27JUN30-PSKY"
cap,92,True,3,0.03270630751258696,0.1976624067771728,-0.01294006683486968,0.03849004126201755,0.3421472474023334,-0.004275316521784207,0.5777115212174722,-0.005783733749430586,KXOSCARPIC-27-BLA+KXOSCARPIC-27-DUN;KXOSCARPIC-27-BLA+KXOSCARPIC-27-ODY;KXOSCARPIC-27-DUN+KXOSCARPIC-27-ODY,"KXOSCARPIC-27-BLA, KXOSCARPIC-27-DUN, KXOSCARPIC-27-ODY","KXNFLAFCCHAMP-27-KC, KXOSCARPIC-27-BLA, KXWTIMAX-26DEC31-T130"
cap,93,True,1,0.083942408653854,0.3233815360636395,-0.05160425504749004,0.11169894843311068,0.6122204564394211,-0.05047690278916856,0.5282109290244501,-0.027756539779256684,KXF1-26-GR+KXF1-26-KA,"KXF1-26-GR, KXF1-26-KA, KXOSCARPIC-27-ODY","CONTROLS-2026-R, KXF1-26-KA, KXOSCARPIC-27-ODY"
cap,94,False,0,0.06573064468919704,0.5393746115228216,-0.011793183536914872,0.06573064468919704,0.5393746115228216,-0.011793183536914872,1.0,0.0,,"SENATETX-26-D, KXLLM1-26DEC31-OAI, KXWTIMAX-26DEC31-T130","SENATETX-26-D, KXLLM1-26DEC31-OAI, KXWTIMAX-26DEC31-T130"
cap,95,True,1,0.07615480899118834,0.29267107886687743,-0.0468877011045006,0.07867245503885517,0.3367226483521687,-0.0450001902036383,0.869175507792933,-0.002517646047666827,KXMLB-26-MIL+KXMLB-26-TB,"KXMLB-26-MIL, KXMLB-26-TB, KXF1-26-KA","KXMLB-26-MIL, KXF1-26-KA, KXNFLAFCCHAMP-27-BAL"
cap,96,False,0,0.09917775717547078,0.47945979339788325,-0.05123177783568245,0.09917775717547078,0.47945979339788325,-0.05123177783568245,1.0,0.0,,"KXLLM1-26DEC31-OAI, KXF1-26-KA, KXWTIMAX-26DEC31-T115","KXLLM1-26DEC31-OAI, KXF1-26-KA, KXWTIMAX-26DEC31-T115"
cap,97,False,0,0.08477078645960073,0.6955784616905437,-0.015212940290546359,0.08477078645960073,0.6955784616905437,-0.015212940290546359,1.0,0.0,,"KXBALANCEPOWERCOMBO-27FEB-DD, KXWNBA-26-MIN, SENATEMI-26-R","KXBALANCEPOWERCOMBO-27FEB-DD, KXWNBA-26-MIN, SENATEMI-26-R"
cap,98,True,1,0.07467003030238968,0.22747827861054576,-0.05192220244133511,0.10226401069345259,0.5160243653668793,-0.05066157415676465,0.440828561358367,-0.02759398039106291,KXF1-26-GR+KXF1-26-KA,"KXF1-26-GR, KXF1-26-KA, KXTAKEOVERACQWB-27JUN30-PSKY","SENATETX-26-R, KXF1-26-KA, KXTAKEOVERACQWB-27JUN30-PSKY"
cap,99,True,1,0.10103492340847561,0.4199221903889039,-0.059042704369585225,0.12285883420995025,0.743502106969445,-0.04850862351300575,0.5647895096095014,-0.02182391080147464,KXBALLONDOR-26-HKAN+KXBALLONDOR-26-LYAM,"KXBALLONDOR-26-HKAN, KXBALLONDOR-26-LYAM, KXOSCARPIC-27-ODY","CONTROLS-2026-D, KXBALLONDOR-26-HKAN, KXOSCARPIC-27-ODY"
match,frozen,False,0,0.08372153749221557,0.5206823891675987,-0.0316532985754557,0.08372153749221557,0.5206823891675987,-0.0316532985754557,1.0,0.0,,"KXATP-26USO-SHE, CONTROLS-2026-R, SENATEMI-26-R","KXATP-26USO-SHE, CONTROLS-2026-R, SENATEMI-26-R"
match,0,True,1,0.06915031962373175,0.44687678674123676,-0.024462640949608067,0.08864926584327276,0.6550276225421647,-0.02314650358905629,0.6822258655396947,-0.019498946219541013,KXBALLONDOR-26-KMBA+KXBALLONDOR-26-LYAM,"SENATETX-26-D, KXBALLONDOR-26-KMBA, KXBALLONDOR-26-LYAM","SENATETX-26-D, KXBALANCEPOWERCOMBO-27FEB-DD, KXBALLONDOR-26-LYAM"
match,1,True,1,0.04587085472074822,0.3320173467347598,-0.01266912004727224,0.0679334618127279,0.5539948119238541,-0.012533980620342486,0.5993149025742053,-0.02206260709197968,KXOSCARPIC-27-BLA+KXOSCARPIC-27-DEB,"KXOSCARPIC-27-BLA, KXOSCARPIC-27-DEB, KXWTIMAX-26DEC31-T115","KXOSCARPIC-27-BLA, SENATEOHS-26-D, KXWTIMAX-26DEC31-T115"
match,2,False,0,0.06571126543902503,0.5064357856794324,-0.015067686871081787,0.06571126543902503,0.5064357856794324,-0.015067686871081787,1.0,0.0,,"KXMLB-26-MIL, KXNBA-27-OKC, SENATEME-26-R","KXMLB-26-MIL, KXNBA-27-OKC, SENATEME-26-R"
match,3,False,0,0.05051276530499661,0.4391681066201115,-0.006595954642985458,0.05051276530499661,0.4391681066201115,-0.006595954642985458,1.0,0.0,,"KXATP-26USO-ZVE, SENATEME-26-R, KXTAKEOVERACQWB-27JUN30-NFLX","KXATP-26USO-ZVE, SENATEME-26-R, KXTAKEOVERACQWB-27JUN30-NFLX"
match,4,False,0,0.05425769049700571,0.37984656706664305,-0.016273033790341403,0.05425769049700571,0.37984656706664305,-0.016273033790341403,1.0,0.0,,"KXATP-26USO-ZVE, KXBALLONDOR-26-LYAM, KXRATECUTCOUNT-26DEC31-T0","KXATP-26USO-ZVE, KXBALLONDOR-26-LYAM, KXRATECUTCOUNT-26DEC31-T0"
match,5,False,0,0.07714334170480841,0.5493349649989059,-0.022209845204917818,0.07714334170480841,0.5493349649989059,-0.022209845204917818,1.0,0.0,,"CONTROLH-2026-R, KXBALANCEPOWERCOMBO-27FEB-DR, CONTROLS-2026-R","CONTROLH-2026-R, KXBALANCEPOWERCOMBO-27FEB-DR, CONTROLS-2026-R"
match,6,False,0,0.0912028269362421,0.5806731161022084,-0.033135515326021256,0.0912028269362421,0.5806731161022084,-0.033135515326021256,1.0,0.0,,"CONTROLH-2026-D, CONTROLS-2026-D, SENATEMI-26-R","CONTROLH-2026-D, CONTROLS-2026-D, SENATEMI-26-R"
match,7,False,0,0.04741561140857389,0.3312536904382253,-0.014290242364751363,0.04741561140857389,0.3312536904382253,-0.014290242364751363,1.0,0.0,,"CONTROLH-2026-R, KXBALLONDOR-26-KMBA, KXRATECUTCOUNT-26DEC31-T0","CONTROLH-2026-R, KXBALLONDOR-26-KMBA, KXRATECUTCOUNT-26DEC31-T0"
match,8,False,0,0.02752775559010684,0.24834593505938612,-0.002693162084168227,0.02752775559010684,0.24834593505938612,-0.002693162084168227,1.0,0.0,,"KXGOVCA-26-SHIL, KXBALLONDOR-26-KKVA, KXBTCMINY-27JAN01-55000.00","KXGOVCA-26-SHIL, KXBALLONDOR-26-KKVA, KXBTCMINY-27JAN01-55000.00"
match,9,False,0,0.06330727108031385,0.4604762180311432,-0.01725964927719953,0.06330727108031385,0.4604762180311432,-0.01725964927719953,1.0,0.0,,"KXATP-26USO-ZVE, KXRATECUTCOUNT-26DEC31-T1, KXBTCMAXY-26DEC31-99999.99","KXATP-26USO-ZVE, KXRATECUTCOUNT-26DEC31-T1, KXBTCMAXY-26DEC31-99999.99"
match,10,False,0,0.03194405987798374,0.22443527049182793,-0.009500532828800944,0.03194405987798374,0.22443527049182793,-0.009500532828800944,1.0,0.0,,"CONTROLH-2026-D, KXATP-26USO-TIA, KXOSCARPIC-27-DIG","CONTROLH-2026-D, KXATP-26USO-TIA, KXOSCARPIC-27-DIG"
match,11,False,0,0.06820589173597393,0.5248202916763846,-0.015723862568335467,0.06820589173597393,0.5248202916763846,-0.015723862568335467,1.0,0.0,,"KXNFLNFCCHAMP-27-PHI, SENATEME-26-D, KXWTIMAX-26DEC31-T115","KXNFLNFCCHAMP-27-PHI, SENATEME-26-D, KXWTIMAX-26DEC31-T115"
match,12,False,0,0.058722978209381216,0.39870909562086077,-0.018852068647295134,0.058722978209381216,0.39870909562086077,-0.018852068647295134,1.0,0.0,,"CONTROLH-2026-R, KXRATECUTCOUNT-26DEC31-T1, SENATEMI-26-D","CONTROLH-2026-R, KXRATECUTCOUNT-26DEC31-T1, SENATEMI-26-D"
match,13,False,0,0.059773013439876996,0.40134165257749904,-0.01963884818212709,0.059773013439876996,0.40134165257749904,-0.01963884818212709,1.0,0.0,,"SENATEME-26-R, KXWNBA-26-ATL, KXRATECUTCOUNT-26DEC31-T1","SENATEME-26-R, KXWNBA-26-ATL, KXRATECUTCOUNT-26DEC31-T1"
match,14,False,0,0.06977907940113384,0.46007309054626166,-0.023771770346507674,0.06977907940113384,0.46007309054626166,-0.023771770346507674,1.0,0.0,,"CONTROLS-2026-D, KXINXY-26DEC31H1600-B8300, KXWTIMAX-26DEC31-T130","CONTROLS-2026-D, KXINXY-26DEC31H1600-B8300, KXWTIMAX-26DEC31-T130"
match,15,True,1,0.041188668597142104,0.3157265993849477,-0.009616008658647333,0.05236061800824704,0.43922924239423194,-0.008437693768823841,0.7188196251777927,-0.011171949411104935,KXNBA-27-BOS+KXNBA-27-OKC,"CONTROLH-2026-D, KXNBA-27-BOS, KXNBA-27-OKC","CONTROLH-2026-D, KXNBA-27-OKC, KXWTIMAX-26DEC31-T130"
match,16,True,1,0.034452833533598876,0.2455880711984405,-0.009894026413754822,0.051024847829253706,0.4187473049847248,-0.009150117330781221,0.5864827505156103,-0.01657201429565483,KXWNBA-26-GS+KXWNBA-26-LV,"KXWNBA-26-GS, KXWNBA-26-LV, KXRATECUTCOUNT-26DEC31-T1","CONTROLS-2026-D, KXWNBA-26-LV, KXRATECUTCOUNT-26DEC31-T1"
match,17,True,1,0.050802161715927746,0.3150591883146293,-0.019296242884464812,0.06267935622543848,0.47871353616897977,-0.014808002608540496,0.6581372042160459,-0.011877194509510733,KXATP-26USO-SHE+KXATP-26USO-ZVE,"KXATP-26USO-SHE, KXATP-26USO-ZVE, KXRATECUTCOUNT-26DEC31-T1","KXMLB-26-LAD, KXATP-26USO-ZVE, KXRATECUTCOUNT-26DEC31-T1"
match,18,False,0,0.07094172538206654,0.5040923723637887,-0.020532488145687672,0.07094172538206654,0.5040923723637887,-0.020532488145687672,1.0,0.0,,"CONTROLS-2026-D, KXINXY-26DEC31H1600-B8500, KXWTIMAX-26DEC31-T115","CONTROLS-2026-D, KXINXY-26DEC31H1600-B8500, KXWTIMAX-26DEC31-T115"
match,19,False,0,0.07230185207201767,0.5413771798914034,-0.01816413408287732,0.07230185207201767,0.5413771798914034,-0.01816413408287732,1.0,0.0,,"CONTROLH-2026-R, SENATEME-26-R, SENATEMI-26-R","CONTROLH-2026-R, SENATEME-26-R, SENATEMI-26-R"
match,20,True,3,0.028623828634391682,0.20777489301969398,-0.007846339332422281,0.023798857930563876,0.196916594162249,-0.004107198514338974,1.0551416141622798,0.004824970703827806,KXWNBA-26-GS+KXWNBA-26-IND;KXWNBA-26-GS+KXWNBA-26-NY;KXWNBA-26-IND+KXWNBA-26-NY,"KXWNBA-26-GS, KXWNBA-26-IND, KXWNBA-26-NY","KXBALLONDOR-26-KKVA, KXWNBA-26-NY, KXWTIMAX-26DEC31-T135"
match,21,False,0,0.07029698599549672,0.5606968268193937,-0.014227303313557343,0.07029698599549672,0.5606968268193937,-0.014227303313557343,1.0,0.0,,"CONTROLS-2026-D, SENATEME-26-R, KXBTCMAXY-26DEC31-99999.99","CONTROLS-2026-D, SENATEME-26-R, KXBTCMAXY-26DEC31-99999.99"
match,22,False,0,0.07532312373991978,0.6109907171255372,-0.014224052027366062,0.07532312373991978,0.6109907171255372,-0.014224052027366062,1.0,0.0,,"KXFEDDECISION-26SEP-H0, CONTROLS-2026-R, SENATEME-26-D","KXFEDDECISION-26SEP-H0, CONTROLS-2026-R, SENATEME-26-D"
match,23,False,0,0.07046654989696072,0.6210407315347672,-0.00836247674348399,0.07046654989696072,0.6210407315347672,-0.00836247674348399,1.0,0.0,,"CONTROLS-2026-D, SENATEMI-26-D, KXBTCMAXY-26DEC31-99999.99","CONTROLS-2026-D, SENATEMI-26-D, KXBTCMAXY-26DEC31-99999.99"
match,24,False,0,0.10466922772550441,0.5606968268193937,-0.048599545043565034,0.10466922772550441,0.5606968268193937,-0.048599545043565034,1.0,0.0,,"CONTROLS-2026-D, SENATEME-26-R, KXBTCMAXY-26DEC31-99999.99","CONTROLS-2026-D, SENATEME-26-R, KXBTCMAXY-26DEC31-99999.99"
match,25,True,1,0.041466262024070416,0.37845959645886895,-0.003620302378183518,0.03481750827368996,0.3185912809791656,-0.0029583801757733924,1.187915737353837,0.0066487537503804595,KXNBA-27-NYK+KXNBA-27-SAS,"KXNBA-27-NYK, KXNBA-27-SAS, KXWTIMAX-26DEC31-T125","KXBALLONDOR-26-LYAM, KXMLBAL-26-TEX, KXWTIMAX-26DEC31-T125"
match,26,False,0,0.05314440501927245,0.4254723119029934,-0.010597173828973107,0.05314440501927245,0.4254723119029934,-0.010597173828973107,1.0,0.0,,"KXRATECUTCOUNT-26DEC31-T0, KXWTIMAX-26DEC31-T125, KXBTCMAXY-26DEC31-99999.99","KXRATECUTCOUNT-26DEC31-T0, KXWTIMAX-26DEC31-T125, KXBTCMAXY-26DEC31-99999.99"
match,27,True,1,0.0335490591216365,0.2844500806799671,-0.005104051053639789,0.043894105974904896,0.3937368894846382,-0.00452041702644107,0.7224369579702921,-0.010345046853268397,KXNBA-27-DET+KXNBA-27-SAS,"KXNBA-27-DET, KXNBA-27-SAS, KXOSCARPIC-27-BLA","KXMLB-26-MIL, KXNBA-27-SAS, KXOSCARPIC-27-BLA"
match,28,False,0,0.09209226992519953,0.6350793230112455,-0.028584337624074987,0.09209226992519953,0.6350793230112455,-0.028584337624074987,1.0,0.0,,"KXBALANCEPOWERCOMBO-27FEB-DR, SENATEME-26-D, SENATEMI-26-R","KXBALANCEPOWERCOMBO-27FEB-DR, SENATEME-26-D, SENATEMI-26-R"
match,29,False,0,0.08735897866906012,0.6201237297513414,-0.025346605693925967,0.08735897866906012,0.6201237297513414,-0.025346605693925967,1.0,0.0,,"CONTROLS-2026-R, SENATEMI-26-R, KXWTIMAX-26DEC31-T120","CONTROLS-2026-R, SENATEMI-26-R, KXWTIMAX-26DEC31-T120"
match,30,False,0,0.076870501605555,0.5838983150965028,-0.01848067009590472,0.076870501605555,0.5838983150965028,-0.01848067009590472,1.0,0.0,,"CONTROLS-2026-D, SENATEMI-26-D, KXTRUMPOUT27-27-28","CONTROLS-2026-D, SENATEMI-26-D, KXTRUMPOUT27-27-28"
match,31,False,0,0.04612089034103807,0.3384418508891174,-0.012276705252126333,0.04612089034103807,0.3384418508891174,-0.012276705252126333,1.0,0.0,,"CONTROLH-2026-R, KXTAKEOVERACQWB-27JUN30-NFLX, KXBTCMINY-27JAN01-55000.00","CONTROLH-2026-R, KXTAKEOVERACQWB-27JUN30-NFLX, KXBTCMINY-27JAN01-55000.00"
match,32,False,0,0.06534965224300471,0.5170762509192582,-0.01364202715107888,0.06534965224300471,0.5170762509192582,-0.01364202715107888,1.0,0.0,,"CONTROLH-2026-D, SENATEOHS-26-D, KXWTIMAX-26DEC31-T120","CONTROLH-2026-D, SENATEOHS-26-D, KXWTIMAX-26DEC31-T120"
match,33,False,0,0.0504858170591497,0.4445835693746216,-0.006027460121687533,0.0504858170591497,0.4445835693746216,-0.006027460121687533,1.0,0.0,,"KXBALANCEPOWERCOMBO-27FEB-RR, KXALIENS-27-29, KXBTCMINY-27JAN01-50000.00","KXBALANCEPOWERCOMBO-27FEB-RR, KXALIENS-27-29, KXBTCMINY-27JAN01-50000.00"
match,34,False,0,0.06911475053467056,0.49988943552990206,-0.01912580698168035,0.06911475053467056,0.49988943552990206,-0.01912580698168035,1.0,0.0,,"CONTROLH-2026-R, CONTROLS-2026-R, KXWTIMAX-26DEC31-T125","CONTROLH-2026-R, CONTROLS-2026-R, KXWTIMAX-26DEC31-T125"
match,35,False,0,0.058313824462118,0.48779248482351134,-0.009534575979766861,0.058313824462118,0.48779248482351134,-0.009534575979766861,1.0,0.0,,"KXBALANCEPOWERCOMBO-27FEB-RR, KXWTIMAX-26DEC31-T120, KXGREENLAND-29","KXBALANCEPOWERCOMBO-27FEB-RR, KXWTIMAX-26DEC31-T120, KXGREENLAND-29"
match,36,False,0,0.08337981174724363,0.6015457807814186,-0.023225233669101758,0.08337981174724363,0.6015457807814186,-0.023225233669101758,1.0,0.0,,"CONTROLS-2026-D, KXRATECUTCOUNT-26DEC31-T0, SENATEMI-26-R","CONTROLS-2026-D, KXRATECUTCOUNT-26DEC31-T0, SENATEMI-26-R"
match,37,False,0,0.03347300500462353,0.2669816344451683,-0.006774841560106697,0.03347300500462353,0.2669816344451683,-0.006774841560106697,1.0,0.0,,"KXNBA-27-MIA, KXGOVCA-26-XBEC, KXWTIMAX-26DEC31-T120","KXNBA-27-MIA, KXGOVCA-26-XBEC, KXWTIMAX-26DEC31-T120"
match,38,False,0,0.060061803499770264,0.4769634208797575,-0.01236546141179451,0.060061803499770264,0.4769634208797575,-0.01236546141179451,1.0,0.0,,"KXTAKEOVERACQWB-27JUN30-NFLX, SENATEMI-26-R, SENATEOHS-26-R","KXTAKEOVERACQWB-27JUN30-NFLX, SENATEMI-26-R, SENATEOHS-26-R"
match,39,False,0,0.0941624332066141,0.7375887682264434,-0.020403556383969762,0.0941624332066141,0.7375887682264434,-0.020403556383969762,1.0,0.0,,"CONTROLS-2026-D, SENATEMI-26-R, KXWTIMAX-26DEC31-T115","CONTROLS-2026-D, SENATEMI-26-R, KXWTIMAX-26DEC31-T115"
match,40,False,0,0.08594383643694015,0.6219678668288673,-0.023747049754053416,0.08594383643694015,0.6219678668288673,-0.023747049754053416,1.0,0.0,,"CONTROLS-2026-D, SENATEME-26-R, SENATEMI-26-D","CONTROLS-2026-D, SENATEME-26-R, SENATEMI-26-D"
match,41,False,0,0.0917915883944111,0.6820837225989147,-0.02358321613451962,0.0917915883944111,0.6820837225989147,-0.02358321613451962,1.0,0.0,,"CONTROLS-2026-D, KXOSCARPIC-27-ODY, SENATEOHS-26-R","CONTROLS-2026-D, KXOSCARPIC-27-ODY, SENATEOHS-26-R"
match,42,False,0,0.03949389540529853,0.3252179061828318,-0.0069721047870153485,0.03949389540529853,0.3252179061828318,-0.0069721047870153485,1.0,0.0,,"KXMLB-26-ATL, CONTROLH-2026-R, KXWTIMAX-26DEC31-T130","KXMLB-26-ATL, CONTROLH-2026-R, KXWTIMAX-26DEC31-T130"
match,43,False,0,0.100990989565308,0.6281303171811159,-0.03817795784719641,0.100990989565308,0.6281303171811159,-0.03817795784719641,1.0,0.0,,"KXBALANCEPOWERCOMBO-27FEB-DR, SENATEME-26-R, SENATEOHS-26-D","KXBALANCEPOWERCOMBO-27FEB-DR, SENATEME-26-R, SENATEOHS-26-D"
match,44,False,0,0.04569712838947596,0.28431818493538036,-0.017265309895937924,0.04569712838947596,0.28431818493538036,-0.017265309895937924,1.0,0.0,,"KXMLB-26-CHC, CONTROLH-2026-D, KXBALANCEPOWERCOMBO-27FEB-RR","KXMLB-26-CHC, CONTROLH-2026-D, KXBALANCEPOWERCOMBO-27FEB-RR"
match,45,False,0,0.06891717245601794,0.46822595500659275,-0.022094576955358665,0.06891717245601794,0.46822595500659275,-0.022094576955358665,1.0,0.0,,"KXATP-26USO-ZVE, SENATETX-26-D, KXF1-26-GR","KXATP-26USO-ZVE, SENATETX-26-D, KXF1-26-GR"
match,46,False,0,0.03653444280217974,0.28077889906245357,-0.008456552895934381,0.03653444280217974,0.28077889906245357,-0.008456552895934381,1.0,0.0,,"KXMLB-26-TB, KXNBA-27-OKC, KXTAKEOVERACQWB-27JUN30-NFLX","KXMLB-26-TB, KXNBA-27-OKC, KXTAKEOVERACQWB-27JUN30-NFLX"
match,47,False,0,0.04749875383897545,0.3330339753640912,-0.014195356302566332,0.04749875383897545,0.3330339753640912,-0.014195356302566332,1.0,0.0,,"CONTROLH-2026-R, KXBALLONDOR-26-KKVA, KXBTCMINY-27JAN01-55000.00","CONTROLH-2026-R, KXBALLONDOR-26-KKVA, KXBTCMINY-27JAN01-55000.00"
match,48,False,0,0.04300914591635528,0.2644787684898204,-0.016561269067373242,0.04300914591635528,0.2644787684898204,-0.016561269067373242,1.0,0.0,,"CONTROLH-2026-R, KXNBA-27-MIN, KXMLBAL-26-CWS","CONTROLH-2026-R, KXNBA-27-MIN, KXMLBAL-26-CWS"
match,49,False,0,0.0762381143981842,0.6490065410126666,-0.01133746029691754,0.0762381143981842,0.6490065410126666,-0.01133746029691754,1.0,0.0,,"KXBALLONDOR-26-HKAN, KXWNBA-26-MIN, KXWTIMAX-26DEC31-T125","KXBALLONDOR-26-HKAN, KXWNBA-26-MIN, KXWTIMAX-26DEC31-T125"
match,50,False,0,0.04205283291124248,0.305398907729176,-0.011512942138324881,0.04205283291124248,0.305398907729176,-0.011512942138324881,1.0,0.0,,"KXGOVCA-26-SHIL, KXNFLNFCCHAMP-27-DET, SENATEME-26-D","KXGOVCA-26-SHIL, KXNFLNFCCHAMP-27-DET, SENATEME-26-D"
match,51,False,0,0.04495108597407542,0.3688093024462143,-0.008070155729453986,0.04495108597407542,0.3688093024462143,-0.008070155729453986,1.0,0.0,,"CONTROLH-2026-D, KXOSCARPIC-27-BLA, KXWTIMAX-26DEC31-T130","CONTROLH-2026-D, KXOSCARPIC-27-BLA, KXWTIMAX-26DEC31-T130"
match,52,False,0,0.050338855953334094,0.3897294414458851,-0.011365911808745577,0.050338855953334094,0.3897294414458851,-0.011365911808745577,1.0,0.0,,"CONTROLH-2026-D, KXWNBA-26-IND, KXALIENS-27-29","CONTROLH-2026-D, KXWNBA-26-IND, KXALIENS-27-29"
match,53,False,0,0.0622079770726522,0.4954420838222655,-0.012663768690425646,0.0622079770726522,0.4954420838222655,-0.012663768690425646,1.0,0.0,,"SENATETX-26-D, KXF1-26-GR, SENATEOHS-26-D","SENATETX-26-D, KXF1-26-GR, SENATEOHS-26-D"
match,54,False,0,0.060594906554137434,0.45238195998364467,-0.015356710555772965,0.060594906554137434,0.45238195998364467,-0.015356710555772965,1.0,0.0,,"KXFEDDECISION-26SEP-H0, KXNBA-27-SAS, KXRATECUTCOUNT-26DEC31-T0","KXFEDDECISION-26SEP-H0, KXNBA-27-SAS, KXRATECUTCOUNT-26DEC31-T0"
match,55,False,0,0.05003187538664049,0.35448798661238623,-0.014583076725401864,0.05003187538664049,0.35448798661238623,-0.014583076725401864,1.0,0.0,,"CONTROLH-2026-R, KXATP-26USO-TIA, KXWTIMAX-26DEC31-T120","CONTROLH-2026-R, KXATP-26USO-TIA, KXWTIMAX-26DEC31-T120"
match,56,False,0,0.044465598342724,0.3238521553737245,-0.012080382805351543,0.044465598342724,0.3238521553737245,-0.012080382805351543,1.0,0.0,,"KXGOVCA-26-SHIL, KXRATECUTCOUNT-26DEC31-T0, KXWTIMAX-26DEC31-T115","KXGOVCA-26-SHIL, KXRATECUTCOUNT-26DEC31-T0, KXWTIMAX-26DEC31-T115"
match,57,False,0,0.06846305144543574,0.5762406010042513,-0.010838991345010603,0.06846305144543574,0.5762406010042513,-0.010838991345010603,1.0,0.0,,"SENATETX-26-R, SENATEME-26-R, KXALIENS-27-29","SENATETX-26-R, SENATEME-26-R, KXALIENS-27-29"
match,58,True,1,0.038718116869354544,0.2668405422499895,-0.012034062644355595,0.03468039321270591,0.2695536129935331,-0.007725031913352602,0.9899349494395066,0.004037723656648631,KXWNBA-26-ATL+KXWNBA-26-IND,"KXNFLAFCCHAMP-27-HOU, KXWNBA-26-ATL, KXWNBA-26-IND","KXNFLNFCCHAMP-27-DAL, KXNFLAFCCHAMP-27-HOU, KXWNBA-26-IND"
match,59,False,0,0.09079351706049132,0.576462434083367,-0.03314727365215463,0.09079351706049132,0.576462434083367,-0.03314727365215463,1.0,0.0,,"CONTROLH-2026-D, CONTROLS-2026-D, SENATEOHS-26-R","CONTROLH-2026-D, CONTROLS-2026-D, SENATEOHS-26-R"
match,60,False,0,0.07791667044793671,0.6882129111889379,-0.009095379329042919,0.07791667044793671,0.6882129111889379,-0.009095379329042919,1.0,0.0,,"KXFEDDECISION-26SEP-H25, KXBALANCEPOWERCOMBO-27FEB-DD, SENATEMI-26-R","KXFEDDECISION-26SEP-H25, KXBALANCEPOWERCOMBO-27FEB-DD, SENATEMI-26-R"
match,61,False,0,0.09156246981711419,0.6400178530098014,-0.02756068451613404,0.09156246981711419,0.6400178530098014,-0.02756068451613404,1.0,0.0,,"SENATEMI-26-D, SENATEOHS-26-D, KXWTIMAX-26DEC31-T115","SENATEMI-26-D, SENATEOHS-26-D, KXWTIMAX-26DEC31-T115"
match,62,False,0,0.07573966772294632,0.6068901586969067,-0.015050651853255659,0.07573966772294632,0.6068901586969067,-0.015050651853255659,1.0,0.0,,"KXATP-26USO-ZVE, SENATEME-26-D, KXBTCMAXY-26DEC31-99999.99","KXATP-26USO-ZVE, SENATEME-26-D, KXBTCMAXY-26DEC31-99999.99"
match,63,False,0,0.07489946869141267,0.6282119700231963,-0.012078271689093048,0.07489946869141267,0.6282119700231963,-0.012078271689093048,1.0,0.0,,"SENATEME-26-R, KXWNBA-26-MIN, KXBTCMINY-27JAN01-55000.00","SENATEME-26-R, KXWNBA-26-MIN, KXBTCMINY-27JAN01-55000.00"
match,64,False,0,0.03773627582565989,0.3111215417699321,-0.006624121648666673,0.03773627582565989,0.3111215417699321,-0.006624121648666673,1.0,0.0,,"KXMLB-26-MIL, KXNFLNFCCHAMP-27-SF, KXNFLAFCCHAMP-27-BAL","KXMLB-26-MIL, KXNFLNFCCHAMP-27-SF, KXNFLAFCCHAMP-27-BAL"
match,65,False,0,0.04971739016708454,0.3332687170391413,-0.01639051846317041,0.04971739016708454,0.3332687170391413,-0.01639051846317041,1.0,0.0,,"KXMLB-26-PHI, KXNBA-27-BOS, SENATEME-26-R","KXMLB-26-PHI, KXNBA-27-BOS, SENATEME-26-R"
match,66,False,0,0.07016586448829856,0.451548380742102,-0.02501102641408836,0.07016586448829856,0.451548380742102,-0.02501102641408836,1.0,0.0,,"KXLLM1-26DEC31-XAI, SENATEME-26-R, SENATEMI-26-R","KXLLM1-26DEC31-XAI, SENATEME-26-R, SENATEMI-26-R"
match,67,False,0,0.06686035894359926,0.4608211816435652,-0.020778240779242736,0.06686035894359926,0.4608211816435652,-0.020778240779242736,1.0,0.0,,"KXNBA-27-MIN, SENATEME-26-D, KXWTIMAX-26DEC31-T120","KXNBA-27-MIN, SENATEME-26-D, KXWTIMAX-26DEC31-T120"
match,68,False,0,0.08102629850539779,0.48119069295611566,-0.03290722920978622,0.08102629850539779,0.48119069295611566,-0.03290722920978622,1.0,0.0,,"CONTROLS-2026-D, SENATEME-26-R, KXMLBAL-26-CWS","CONTROLS-2026-D, SENATEME-26-R, KXMLBAL-26-CWS"
match,69,False,0,0.029114060000704226,0.252472864739531,-0.0038667735267511223,0.029114060000704226,0.252472864739531,-0.0038667735267511223,1.0,0.0,,"CONTROLH-2026-R, KXINXY-26DEC31H1600-B7300, KXRATECUTCOUNT-26DEC31-T1","CONTROLH-2026-R, KXINXY-26DEC31H1600-B7300, KXRATECUTCOUNT-26DEC31-T1"
match,70,False,0,0.035421060874944135,0.2503780394919714,-0.010383256925746993,0.035421060874944135,0.2503780394919714,-0.010383256925746993,1.0,0.0,,"KXNBA-27-NYK, KXBALLONDOR-26-KMBA, KXRATECUTCOUNT-26DEC31-T0","KXNBA-27-NYK, KXBALLONDOR-26-KMBA, KXRATECUTCOUNT-26DEC31-T0"
match,71,False,0,0.10493550228285897,0.6632154584338382,-0.03861395643947514,0.10493550228285897,0.6632154584338382,-0.03861395643947514,1.0,0.0,,"CONTROLS-2026-D, SENATEME-26-D, SENATEOHS-26-R","CONTROLS-2026-D, SENATEME-26-D, SENATEOHS-26-R"
match,72,False,0,0.0664120190382714,0.5744564736567106,-0.008966371672600337,0.0664120190382714,0.5744564736567106,-0.008966371672600337,1.0,0.0,,"CONTROLH-2026-R, KXWNBA-26-MIN, KXWTIMAX-26DEC31-T115","CONTROLH-2026-R, KXWNBA-26-MIN, KXWTIMAX-26DEC31-T115"
match,73,False,0,0.0675152809314277,0.523442759075245,-0.0151710050239032,0.0675152809314277,0.523442759075245,-0.0151710050239032,1.0,0.0,,"KXBALLONDOR-26-KMBA, SENATEME-26-R, SENATEMI-26-R","KXBALLONDOR-26-KMBA, SENATEME-26-R, SENATEMI-26-R"
match,74,False,0,0.07225128624711921,0.5686973796622117,-0.015381548280898043,0.07225128624711921,0.5686973796622117,-0.015381548280898043,1.0,0.0,,"CONTROLH-2026-R, KXWNBA-26-MIN, SENATEMI-26-D","CONTROLH-2026-R, KXWNBA-26-MIN, SENATEMI-26-D"
match,75,False,0,0.041805855146686964,0.3245377337380444,-0.00935208177288252,0.041805855146686964,0.3245377337380444,-0.00935208177288252,1.0,0.0,,"KXF1-26-GR, KXOSCARPIC-27-BLA, KXWTIMAX-26DEC31-T120","KXF1-26-GR, KXOSCARPIC-27-BLA, KXWTIMAX-26DEC31-T120"
match,76,False,0,0.06709599490122406,0.5268046153709233,-0.014415533364131733,0.06709599490122406,0.5268046153709233,-0.014415533364131733,1.0,0.0,,"KXFEDDECISION-26SEP-H0, KXBALLONDOR-26-LYAM, KXGREENLAND-29","KXFEDDECISION-26SEP-H0, KXBALLONDOR-26-LYAM, KXGREENLAND-29"
match,77,False,0,0.06373499665030169,0.5026356795833935,-0.013471428691962335,0.06373499665030169,0.5026356795833935,-0.013471428691962335,1.0,0.0,,"KXNBA-27-SAS, CONTROLS-2026-D, KXRATECUTCOUNT-26DEC31-T0","KXNBA-27-SAS, CONTROLS-2026-D, KXRATECUTCOUNT-26DEC31-T0"
match,78,False,0,0.05947800937413873,0.41065804078629287,-0.018412205295509444,0.05947800937413873,0.41065804078629287,-0.018412205295509444,1.0,0.0,,"CONTROLH-2026-R, KXRATECUTCOUNT-26DEC31-T1, KXWTIMAX-26DEC31-T115","CONTROLH-2026-R, KXRATECUTCOUNT-26DEC31-T1, KXWTIMAX-26DEC31-T115"
match,79,False,0,0.07446958491905753,0.6033610888056332,-0.014133476038494207,0.07446958491905753,0.6033610888056332,-0.014133476038494207,1.0,0.0,,"SENATEMI-26-D, KXWTIMAX-26DEC31-T120, KXBTCMAXY-26DEC31-99999.99","SENATEMI-26-D, KXWTIMAX-26DEC31-T120, KXBTCMAXY-26DEC31-99999.99"
match,80,False,0,0.0567997133991448,0.45599422668093237,-0.011200290731051561,0.0567997133991448,0.45599422668093237,-0.011200290731051561,1.0,0.0,,"KXATP-26USO-SHE, KXWTIMAX-26DEC31-T120, KXBTCMINY-27JAN01-55000.00","KXATP-26USO-SHE, KXWTIMAX-26DEC31-T120, KXBTCMINY-27JAN01-55000.00"
match,81,False,0,0.07846216821467428,0.6298421508873091,-0.01547795312594337,0.07846216821467428,0.6298421508873091,-0.01547795312594337,1.0,0.0,,"KXATP-26USO-ZVE, SENATETX-26-D, SENATEOHS-26-D","KXATP-26USO-ZVE, SENATETX-26-D, SENATEOHS-26-D"
match,82,True,1,0.02737187576690523,0.2055036616752438,-0.006821509599380847,0.02636445779853875,0.213489505986343,-0.0050155071999044495,0.9625937383938203,0.0010074179683664808,KXWNBA-26-ATL+KXWNBA-26-LV,"KXF1-26-GR, KXWNBA-26-ATL, KXWNBA-26-LV","KXF1-26-GR, KXINXY-26DEC31H1600-B8500, KXWNBA-26-ATL"
match,83,False,0,0.071840970780218,0.5640163996854402,-0.015439330811673986,0.071840970780218,0.5640163996854402,-0.015439330811673986,1.0,0.0,,"SENATEME-26-R, KXWTIMAX-26DEC31-T115, KXGREENLAND-29","SENATEME-26-R, KXWTIMAX-26DEC31-T115, KXGREENLAND-29"
match,84,False,0,0.05270896736495517,0.3821228681498343,-0.01449668054997174,0.05270896736495517,0.3821228681498343,-0.01449668054997174,1.0,0.0,,"KXF1-26-GR, KXINXY-26DEC31H1600-B7500, SENATEOHS-26-D","KXF1-26-GR, KXINXY-26DEC31H1600-B7500, SENATEOHS-26-D"
match,85,False,0,0.07783820541891973,0.6259797825758109,-0.015240227161338632,0.07783820541891973,0.6259797825758109,-0.015240227161338632,1.0,0.0,,"SENATEME-26-D, SENATEMI-26-D, KXWTIMAX-26DEC31-T115","SENATEME-26-D, SENATEMI-26-D, KXWTIMAX-26DEC31-T115"
match,86,False,0,0.06282322531828588,0.4812884059587183,-0.01469438472241405,0.06282322531828588,0.4812884059587183,-0.01469438472241405,1.0,0.0,,"CONTROLS-2026-R, SENATEME-26-D, KXWNBA-26-IND","CONTROLS-2026-R, SENATEME-26-D, KXWNBA-26-IND"
match,87,False,0,0.08272216831214138,0.4880050483761064,-0.03392166347453074,0.08272216831214138,0.4880050483761064,-0.03392166347453074,1.0,0.0,,"CONTROLS-2026-D, KXBALLONDOR-26-KMBA, SENATEME-26-R","CONTROLS-2026-D, KXBALLONDOR-26-KMBA, SENATEME-26-R"
match,88,False,0,0.05702828955040662,0.4223859142010942,-0.014789698130297194,0.05702828955040662,0.4223859142010942,-0.014789698130297194,1.0,0.0,,"KXATP-26USO-SHE, KXMLBAL-26-TB, KXBTCMINY-27JAN01-55000.00","KXATP-26USO-SHE, KXMLBAL-26-TB, KXBTCMINY-27JAN01-55000.00"
match,89,False,0,0.07100724085935876,0.5136496029292251,-0.01964228056643625,0.07100724085935876,0.5136496029292251,-0.01964228056643625,1.0,0.0,,"KXATP-26USO-SHE, SENATEME-26-D, KXWTIMAX-26DEC31-T115","KXATP-26USO-SHE, SENATEME-26-D, KXWTIMAX-26DEC31-T115"
match,90,False,0,0.05405212203978246,0.4769256177527731,-0.006359560264505154,0.05405212203978246,0.4769256177527731,-0.006359560264505154,1.0,0.0,,"KXNBA-27-PHI, SENATEME-26-R, KXBTCMINY-27JAN01-55000.00","KXNBA-27-PHI, SENATEME-26-R, KXBTCMINY-27JAN01-55000.00"
match,91,False,0,0.07366704199742985,0.5672398322803085,-0.016943058769399,0.07366704199742985,0.5672398322803085,-0.016943058769399,1.0,0.0,,"SENATETX-26-R, SENATEME-26-R, KXTRUMPOUT27-27-28","SENATETX-26-R, SENATEME-26-R, KXTRUMPOUT27-27-28"
match,92,True,1,0.03380689994107003,0.2867238271853394,-0.005134517222536088,0.035010552656171104,0.29921046683506636,-0.0050895059726644674,0.9582680386090572,-0.001203652715101075,KXMLB-26-NYY+KXMLB-26-PHI,"KXMLB-26-NYY, KXMLB-26-PHI, KXWTIMAX-26DEC31-T130","KXMLB-26-NYY, KXNBA-27-NYK, KXWTIMAX-26DEC31-T130"
match,93,False,0,0.07082066437918186,0.5669162900500647,-0.014129035374175383,0.07082066437918186,0.5669162900500647,-0.014129035374175383,1.0,0.0,,"KXNBA-27-SAS, CONTROLS-2026-R, KXTRUMPOUT27-27-28","KXNBA-27-SAS, CONTROLS-2026-R, KXTRUMPOUT27-27-28"
match,94,False,0,0.060833124501878486,0.45284208102977347,-0.015548916398901137,0.060833124501878486,0.45284208102977347,-0.015548916398901137,1.0,0.0,,"SENATETX-26-D, KXNFLAFCCHAMP-27-BAL, KXWNBA-26-GS","SENATETX-26-D, KXNFLAFCCHAMP-27-BAL, KXWNBA-26-GS"
match,95,True,3,0.03010425316882423,0.20799639233776657,-0.00930461393504757,0.027908951405614266,0.23704224678923336,-0.0042047267266909286,0.8774654946749092,0.002195301763209964,KXMLB-26-ATL+KXMLB-26-MIL;KXMLB-26-ATL+KXMLB-26-TB;KXMLB-26-MIL+KXMLB-26-TB,"KXMLB-26-ATL, KXMLB-26-MIL, KXMLB-26-TB","KXMLB-26-MIL, KXNFLNFCCHAMP-27-CHI, KXTAKEOVERACQWB-27JUN30-NFLX"
match,96,False,0,0.060333232090236805,0.43950491240573997,-0.016382740849662805,0.060333232090236805,0.43950491240573997,-0.016382740849662805,1.0,0.0,,"CONTROLH-2026-R, KXBALLONDOR-26-LYAM, KXWTIMAX-26DEC31-T115","CONTROLH-2026-R, KXBALLONDOR-26-LYAM, KXWTIMAX-26DEC31-T115"
match,97,False,0,0.06203939586307215,0.4797891086527981,-0.01406048499779234,0.06203939586307215,0.4797891086527981,-0.01406048499779234,1.0,0.0,,"KXGOVCA-26-SHIL, KXBALANCEPOWERCOMBO-27FEB-DD, SENATEMI-26-R","KXGOVCA-26-SHIL, KXBALANCEPOWERCOMBO-27FEB-DD, SENATEMI-26-R"
match,98,False,0,0.06205422040880294,0.4894390847847547,-0.013110311930327474,0.06205422040880294,0.4894390847847547,-0.013110311930327474,1.0,0.0,,"KXNBA-27-NYK, SENATETX-26-R, SENATEME-26-R","KXNBA-27-NYK, SENATETX-26-R, SENATEME-26-R"
match,99,False,0,0.07049894174040996,0.4963221723679091,-0.020866724503619052,0.07049894174040996,0.4963221723679091,-0.020866724503619052,1.0,0.0,,"CONTROLS-2026-D, KXNFLNFCCHAMP-27-CHI, KXWTIMAX-26DEC31-T125","CONTROLS-2026-D, KXNFLNFCCHAMP-27-CHI, KXWTIMAX-26DEC31-T125"
