beta,edge1,var1,paper_draw_viol0,cap,match,none,check
0,0.0915134743751569,0.6238522604265048,False,0.0,0.0,0.03,match main CSV
0.05,0.0914557842345045,0.6032285238300694,False,0.06,0.02,0.23,
0.1,0.0914557842345045,0.6032285238300694,False,0.6,0.12,0.52,
0.15,0.0730590532430607,0.4604276451354842,True,0.96,0.86,0.73,
0.2,0.0051445986540879,0.058552717373417,True,0.99,0.99,0.84,
0.25,0.0051445986540879,0.058552717373417,True,1.0,1.0,0.91,
0.5,0.0051445986540879,0.058552717373417,True,1.0,1.0,1.0,
1,0.0051445986540879,0.058552717373417,True,1.0,1.0,1.0,
2,0.0033242388905322,0.057122851801261,True,1.0,1.0,1.0,match main CSV
