ticker,name,category,series_ticker,event_ticker,structure,mutually_exclusive,event_size,event_price_sum,strike,price,volume,event_volume,loading,model_prob,edge
KXFEDDECISION-26SEP-H0,Will the Federal Reserve Hike rates by 0bps at their September 2026 meeting?,Economics,KXFEDDECISION,KXFEDDECISION-26SEP,disjoint,True,3,1.02,,0.46,15560470.03,32073751.3,-0.920822448837024,0.4238478906311784,-0.03615210936882163
KXFEDDECISION-26SEP-H25,Will the Federal Reserve Hike rates by 25bps at their September 2026 meeting?,Economics,KXFEDDECISION,KXFEDDECISION-26SEP,disjoint,True,3,1.02,,0.54,7074547.36,32073751.3,0.9365409881499598,0.5563725882156574,0.016372588215657347
KXFEDDECISION-26SEP-H26,Will the Federal Reserve Hike rates by >25bps at their September 2026 meeting?,Economics,KXFEDDECISION,KXFEDDECISION-26SEP,disjoint,True,3,1.02,,0.02,9438733.91,32073751.3,-0.2225882953991127,0.0197795211531644,-0.0002204788468356013
KXMLB-26-ATL,Will Atlanta win the 2026 Pro Baseball Championship?,Sports,KXMLB,KXMLB-26,disjoint,True,10,0.972,,0.067,2765659.82,30887749.84,-0.4604814568570168,0.0683220236882403,0.0013220236882402897
KXMLB-26-BOS,Will Boston win the 2026 Pro Baseball Championship?,Sports,KXMLB,KXMLB-26,disjoint,True,10,0.972,,0.051,3781332.27,30887749.84,0.2794492532819231,0.04749139013251285,-0.0035086098674871474
KXMLB-26-CHC,Will Chicago C win the 2026 Pro Baseball Championship?,Sports,KXMLB,KXMLB-26,disjoint,True,10,0.972,,0.055,2617325.7,30887749.84,-0.0359651044895367,0.05121593972369823,-0.003784060276301772
KXMLB-26-CWS,Will Chicago WS win the 2026 Pro Baseball Championship?,Sports,KXMLB,KXMLB-26,disjoint,True,10,0.972,,0.042,2305240.25,30887749.84,0.6356357474124513,0.038287902342212875,-0.003712097657787128
KXMLB-26-HOU,Will Houston win the 2026 Pro Baseball Championship?,Sports,KXMLB,KXMLB-26,disjoint,True,10,0.972,,0.034,2082264.72,30887749.84,0.3733303462264387,0.03648999779126956,0.0024899977912695576
KXMLB-26-LAD,Will Los Angeles D win the 2026 Pro Baseball Championship?,Sports,KXMLB,KXMLB-26,disjoint,True,10,0.972,,0.31,5114022.09,30887749.84,-0.2888755760295537,0.31626913072807894,0.006269130728078942
KXMLB-26-MIL,Will Milwaukee win the 2026 Pro Baseball Championship?,Sports,KXMLB,KXMLB-26,disjoint,True,10,0.972,,0.144,3709220.31,30887749.84,0.2785396931965235,0.1499924902405261,0.005992490240526116
KXMLB-26-NYY,Will New York Y win the 2026 Pro Baseball Championship?,Sports,KXMLB,KXMLB-26,disjoint,True,10,0.972,,0.11,3541790.65,30887749.84,0.7509185755571692,0.09945285887450765,-0.010547141125492349
KXMLB-26-PHI,Will Philadelphia win the 2026 Pro Baseball Championship?,Sports,KXMLB,KXMLB-26,disjoint,True,10,0.972,,0.076,2835494.66,30887749.84,0.2742143707228887,0.08314262975286231,0.007142629752862312
KXMLB-26-TB,Will Tampa Bay win the 2026 Pro Baseball Championship?,Sports,KXMLB,KXMLB-26,disjoint,True,10,0.972,,0.083,2135399.37,30887749.84,-0.1804465582104628,0.088518547837287,0.005518547837287002
CONTROLH-2026-D,Will Democrats win the House in 2026?,Elections,CONTROLH,CONTROLH-2026,disjoint,True,2,1.0,,0.85,10087200.47,28289409.33,-0.8261309029837697,0.801097648815307,-0.048902351184692994
CONTROLH-2026-R,Will Republicans win the House in 2026?,Elections,CONTROLH,CONTROLH-2026,disjoint,True,2,1.0,,0.15,18202208.86,28289409.33,0.82613090298377,0.14045474901621302,-0.009545250983786974
KXNBA-27-BOS,Will Boston win the 2027 Pro Basketball Finals?,Sports,KXNBA,KXNBA-27,disjoint,True,15,0.95,,0.05,428568.56,20664666.840000004,-0.4511916065285811,0.04683404509853434,-0.0031659549014656646
KXNBA-27-CLE,Will Cleveland win the 2027 Pro Basketball Finals?,Sports,KXNBA,KXNBA-27,disjoint,True,15,0.95,,0.02,893304.75,20664666.840000004,0.0993448562070646,0.019216968971838153,-0.0007830310281618479
KXNBA-27-DEN,Will Denver win the 2027 Pro Basketball Finals?,Sports,KXNBA,KXNBA-27,disjoint,True,15,0.95,,0.04,437307.22,20664666.840000004,0.3418260517390717,0.0401980514530579,0.0001980514530579014
KXNBA-27-DET,Will Detroit win the 2027 Pro Basketball Finals?,Sports,KXNBA,KXNBA-27,disjoint,True,15,0.95,,0.03,249884.83,20664666.840000004,0.1590515719799498,0.029591670111852694,-0.00040832988814730464
KXNBA-27-HOU,Will Houston win the 2027 Pro Basketball Finals?,Sports,KXNBA,KXNBA-27,disjoint,True,15,0.95,,0.02,190622.69,20664666.840000004,0.4190737386511295,0.019164916560792167,-0.0008350834392078336
KXNBA-27-IND,Will Indiana win the 2027 Pro Basketball Finals?,Sports,KXNBA,KXNBA-27,disjoint,True,15,0.95,,0.02,644598.48,20664666.840000004,0.1467295641497266,0.02044741157888952,0.0004474115788895179
KXNBA-27-LAL,Will Los Angeles L win the 2027 Pro Basketball Finals?,Sports,KXNBA,KXNBA-27,disjoint,True,15,0.95,,0.03,1642151.72,20664666.840000004,-0.1978104645989227,0.02783696316391225,-0.0021630368360877478
KXNBA-27-MIA,Will Miami win the 2027 Pro Basketball Finals?,Sports,KXNBA,KXNBA-27,disjoint,True,15,0.95,,0.04,2492329.5,20664666.840000004,-0.5041675345804323,0.03833715718828175,-0.0016628428117182528
KXNBA-27-MIN,Will Minnesota win the 2027 Pro Basketball Finals?,Sports,KXNBA,KXNBA-27,disjoint,True,15,0.95,,0.05,1772623.34,20664666.840000004,0.552569467410127,0.04866361843293692,-0.0013363815670630816
KXNBA-27-NYK,Will New York win the 2027 Pro Basketball Finals?,Sports,KXNBA,KXNBA-27,disjoint,True,15,0.95,,0.08,990495.72,20664666.840000004,-0.5221007534040689,0.07929711974747257,-0.0007028802525274325
KXNBA-27-OKC,Will Oklahoma City win the 2027 Pro Basketball Finals?,Sports,KXNBA,KXNBA-27,disjoint,True,15,0.95,,0.21,513936.46,20664666.840000004,-0.1248323917328793,0.22197739037850658,0.011977390378506592
KXNBA-27-ORL,Will Orlando win the 2027 Pro Basketball Finals?,Sports,KXNBA,KXNBA-27,disjoint,True,15,0.95,,0.02,1261853.29,20664666.840000004,0.5002149057269419,0.018798695128633438,-0.0012013048713665625
KXNBA-27-PHI,Will Philadelphia win the 2027 Pro Basketball Finals?,Sports,KXNBA,KXNBA-27,disjoint,True,15,0.95,,0.1,7659954.35,20664666.840000004,0.5613864406952264,0.10028468876827223,0.0002846887682722288
KXNBA-27-SAS,Will San Antonio win the 2027 Pro Basketball Finals?,Sports,KXNBA,KXNBA-27,disjoint,True,15,0.95,,0.22,676599.68,20664666.840000004,0.0892453376424408,0.22406624102992986,0.004066241029929862
KXNBA-27-TOR,Will Toronto win the 2027 Pro Basketball Finals?,Sports,KXNBA,KXNBA-27,disjoint,True,15,0.95,,0.02,810436.25,20664666.840000004,-0.0280210385248484,0.01818580165087999,-0.0018141983491200102
KXGOVCA-26-SHIL,Who will win the governorship in California?,Elections,KXGOVCA,KXGOVCA-26,disjoint,True,2,1.0,,0.042,8367336.95,13588658.43,-0.8671228964392582,0.04290337675597209,0.0009033767559720879
KXGOVCA-26-XBEC,Who will win the governorship in California?,Elections,KXGOVCA,KXGOVCA-26,disjoint,True,2,1.0,,0.958,5221321.48,13588658.43,0.8671228964392586,0.8948724220984849,-0.06312757790151502
KXATP-26USO-ALC,Will Carlos Alcaraz win the US Open Men's Singles?,Sports,KXATP,KXATP-26USO,disjoint,True,8,1.09,,0.58,4059655.81,11416608.19,0.2283574969145009,0.5295459847862924,-0.050454015213707515
KXATP-26USO-MUS,Will Lorenzo Musetti win the US Open Men's Singles?,Sports,KXATP,KXATP-26USO,disjoint,True,8,1.09,,0.02,927454.16,11416608.19,0.1401616768969154,0.02179554214901333,0.0017955421490133301
KXATP-26USO-SHE,Will Ben Shelton win the US Open Men's Singles?,Sports,KXATP,KXATP-26USO,disjoint,True,8,1.09,,0.09,1883410.57,11416608.19,-0.4599875485833939,0.09838137659534206,0.008381376595342063
KXATP-26USO-TIA,Will Frances Tiafoe win the US Open Men's Singles?,Sports,KXATP,KXATP-26USO,disjoint,True,8,1.09,,0.05,1393675.84,11416608.19,0.7639332875006272,0.053083973481164615,0.003083973481164612
KXATP-26USO-ZVE,Will Alexander Zverev win the US Open Men's Singles?,Sports,KXATP,KXATP-26USO,disjoint,True,8,1.09,,0.27,1453587.58,11416608.19,0.7902342431866878,0.259449143535362,-0.010550856464637992
SENATETX-26-D,Will Democratics win the Senate race in Texas?,Elections,SENATETX,SENATETX-26,disjoint,True,2,1.01,,0.47,4543132.43,10678278.78,-0.8561042825254902,0.43218117871660006,-0.03781882128339992
SENATETX-26-R,Will Republicans win the Senate race in Texas?,Elections,SENATETX,SENATETX-26,disjoint,True,2,1.01,,0.54,6135146.35,10678278.78,0.8561042825254909,0.559897166863313,0.019897166863313
KXBALANCEPOWERCOMBO-27FEB-DD,Will House Control be Democratic AND Senate Control be Democratic for Feb 2027?,Elections,KXBALANCEPOWERCOMBO,KXBALANCEPOWERCOMBO-27FEB,disjoint,True,3,1.02,,0.48,2698611.66,9431987.23,-0.5046132180575873,0.4742546393990017,-0.005745360600998284
KXBALANCEPOWERCOMBO-27FEB-DR,Will House Control be Democratic AND Senate Control be Republican for Feb 2027?,Elections,KXBALANCEPOWERCOMBO,KXBALANCEPOWERCOMBO-27FEB,disjoint,True,3,1.02,,0.37,2067516.23,9431987.23,-0.7081347220150922,0.3420308293785136,-0.027969170621486406
KXBALANCEPOWERCOMBO-27FEB-RR,Will House Control be Republican AND Senate Control be Republican for Feb 2027?,Elections,KXBALANCEPOWERCOMBO,KXBALANCEPOWERCOMBO-27FEB,disjoint,True,3,1.02,,0.17,4665859.34,9431987.23,0.7191532932209943,0.1698360149437832,-0.00016398505621681436
CONTROLS-2026-D,Will Democrats win the U.S. Senate in 2026?,Elections,CONTROLS,CONTROLS-2026,disjoint,True,2,1.0,,0.47,3455040.8,8041398.229999999,0.8544924838603841,0.4262325209848305,-0.043767479015169475
CONTROLS-2026-R,Will Republicans win the U.S. Senate in 2026?,Elections,CONTROLS,CONTROLS-2026,disjoint,True,2,1.0,,0.53,4586357.43,8041398.229999999,-0.8544924838603837,0.573387962620351,0.04338796262035094
KXLLM1-26DEC31-GOOG,"Best AI on Dec 31, 2026?",Science and Technology,KXLLM1,KXLLM1-26DEC31,disjoint,True,4,0.954,,0.054,1519260.08,7456899.460000001,-0.4906035049752483,0.05139482380128018,-0.002605176198719819
KXLLM1-26DEC31-OAI,"Best AI on Dec 31, 2026?",Science and Technology,KXLLM1,KXLLM1-26DEC31,disjoint,True,4,0.954,,0.217,2171171.04,7456899.460000001,0.8229609391789047,0.2240534671409628,0.007053467140962805
KXLLM1-26DEC31-XAI,"Best AI on Dec 31, 2026?",Science and Technology,KXLLM1,KXLLM1-26DEC31,disjoint,True,4,0.954,,0.056,1531089.6,7456899.460000001,-0.6825603517237396,0.05389116405220141,-0.002108835947798593
KXBALLONDOR-26-HKAN,Who will win the Ballon d'Or in 2026?,Sports,KXBALLONDOR,KXBALLONDOR-26,disjoint,True,7,1.04,,0.64,1517296.76,6001371.0600000005,-0.5016023136293949,0.6425687067107597,0.002568706710759705
KXBALLONDOR-26-KKVA,Who will win the Ballon d'Or in 2026?,Sports,KXBALLONDOR,KXBALLONDOR-26,disjoint,True,7,1.04,,0.03,318263.76,6001371.0600000005,0.0907034598544684,0.030280261676059676,0.0002802616760596774
KXBALLONDOR-26-KMBA,Who will win the Ballon d'Or in 2026?,Sports,KXBALLONDOR,KXBALLONDOR-26,disjoint,True,7,1.04,,0.13,1310288.28,6001371.0600000005,0.8857633357129451,0.1218062158436637,-0.0081937841563363
KXBALLONDOR-26-LYAM,Who will win the Ballon d'Or in 2026?,Sports,KXBALLONDOR,KXBALLONDOR-26,disjoint,True,7,1.04,,0.14,863826.2,6001371.0600000005,-0.7131127139225849,0.15314836957740766,0.013148369577407643
KXNFLNFCCHAMP-27-ATL,Will Atlanta win the Pro Football NFC Championship?,Sports,KXNFLNFCCHAMP,KXNFLNFCCHAMP-27,disjoint,True,15,1.09,,0.02,72046.4,5240272.8,-0.2576676328549088,0.021100531293444462,0.0011005312934444615
KXNFLNFCCHAMP-27-CHI,Will Chicago win the Pro Football NFC Championship?,Sports,KXNFLNFCCHAMP,KXNFLNFCCHAMP-27,disjoint,True,15,1.09,,0.08,377180.89,5240272.8,0.0835290400430838,0.08703198306502703,0.007031983065027031
KXNFLNFCCHAMP-27-DAL,Will Dallas win the Pro Football NFC Championship?,Sports,KXNFLNFCCHAMP,KXNFLNFCCHAMP-27,disjoint,True,15,1.09,,0.09,889672.9,5240272.8,0.0793233358266673,0.09710689230769767,0.0071068923076976764
KXNFLNFCCHAMP-27-DET,Will Detroit win the Pro Football NFC Championship?,Sports,KXNFLNFCCHAMP,KXNFLNFCCHAMP-27,disjoint,True,15,1.09,,0.09,147240.36,5240272.8,0.5094423638877181,0.09176219961859952,0.0017621996185995248
KXNFLNFCCHAMP-27-LAR,Will Los Angeles R win the Pro Football NFC Championship?,Sports,KXNFLNFCCHAMP,KXNFLNFCCHAMP-27,disjoint,True,15,1.09,,0.24,649675.91,5240272.8,-0.1685115651888297,0.26024996328110955,0.020249963281109562
KXNFLNFCCHAMP-27-MIN,Will Minnesota win the Pro Football NFC Championship?,Sports,KXNFLNFCCHAMP,KXNFLNFCCHAMP-27,disjoint,True,15,1.09,,0.04,466149.87,5240272.8,0.3500516423515684,0.03670794001641536,-0.0032920599835846442
KXNFLNFCCHAMP-27-NO,Will New Orleans win the Pro Football NFC Championship?,Sports,KXNFLNFCCHAMP,KXNFLNFCCHAMP-27,disjoint,True,15,1.09,,0.02,286800.78,5240272.8,0.3192564286772171,0.01878393144967658,-0.0012160685503234195
KXNFLNFCCHAMP-27-PHI,Will Philadelphia win the Pro Football NFC Championship?,Sports,KXNFLNFCCHAMP,KXNFLNFCCHAMP-27,disjoint,True,15,1.09,,0.1,246827.63,5240272.8,0.580265193687115,0.09090454577821078,-0.009095454221789229
KXNFLNFCCHAMP-27-SEA,Will Seattle win the Pro Football NFC Championship?,Sports,KXNFLNFCCHAMP,KXNFLNFCCHAMP-27,disjoint,True,15,1.09,,0.12,510891.26,5240272.8,0.2135992821806484,0.11580792793831834,-0.004192072061681651
KXNFLNFCCHAMP-27-SF,Will San Francisco win the Pro Football NFC Championship?,Sports,KXNFLNFCCHAMP,KXNFLNFCCHAMP-27,disjoint,True,15,1.09,,0.09,386892.95,5240272.8,0.6514503573940811,0.08799619121441067,-0.0020038087855893255
KXNFLNFCCHAMP-27-WAS,Will Washington win the Pro Football NFC Championship?,Sports,KXNFLNFCCHAMP,KXNFLNFCCHAMP-27,disjoint,True,15,1.09,,0.03,255129.77,5240272.8,0.6217465254107506,0.028628094190643376,-0.001371905809356623
KXF1-26-GR,Will George Russell win the F1 Drivers Championship?,Sports,KXF1,KXF1-26,disjoint,True,4,0.97,,0.05,1123563.2,4976799.28,-0.8481251403494758,0.0532873750915193,0.0032873750915192942
KXF1-26-KA,Will Andrea Kimi Antonelli win the F1 Drivers Championship?,Sports,KXF1,KXF1-26,disjoint,True,4,0.97,,0.87,1474000.17,4976799.28,0.8834256829981759,0.8450750788446845,-0.024924921155315527
KXF1-26-LN,Will Lando Norris win the F1 Drivers Championship?,Sports,KXF1,KXF1-26,disjoint,True,4,0.97,,0.03,877960.93,4976799.28,-0.1595456684099701,0.02868560705812428,-0.0013143929418757173
SENATEME-26-D,Will Democratics win the Senate race in Maine?,Elections,SENATEME,SENATEME-26,disjoint,True,2,1.0,,0.68,1972026.27,4669563.35,0.9334737845965524,0.6858066673095219,0.00580666730952184
SENATEME-26-R,Will Republicans win the Senate race in Maine?,Elections,SENATEME,SENATEME-26,disjoint,True,2,1.0,,0.32,2697537.08,4669563.35,-0.9334737845965516,0.29701915039838483,-0.022980849601615172
KXMLBAL-26-CLE,Will Cleveland win the 2026 Pro Baseball American League Championship?,Sports,KXMLBAL,KXMLBAL-26,disjoint,True,9,0.99,,0.07,362913.93,4605926.0200000005,0.2560771557652734,0.07423075773055655,0.0042307577305565475
KXMLBAL-26-CWS,Will Chicago WS win the 2026 Pro Baseball American League Championship?,Sports,KXMLBAL,KXMLBAL-26,disjoint,True,9,0.99,,0.11,443027.72,4605926.0200000005,-0.5248583478803758,0.10064011416095496,-0.00935988583904504
KXMLBAL-26-HOU,Will Houston win the 2026 Pro Baseball American League Championship?,Sports,KXMLBAL,KXMLBAL-26,disjoint,True,9,0.99,,0.08,422822.52,4605926.0200000005,0.4888102106891405,0.08779019098560827,0.007790190985608264
KXMLBAL-26-SEA,Will Seattle win the 2026 Pro Baseball American League Championship?,Sports,KXMLBAL,KXMLBAL-26,disjoint,True,9,0.99,,0.02,681212.03,4605926.0200000005,0.4785610112330462,0.021088979077186633,0.0010889790771866324
KXMLBAL-26-TB,Will Tampa Bay win the 2026 Pro Baseball American League Championship?,Sports,KXMLBAL,KXMLBAL-26,disjoint,True,9,0.99,,0.23,665054.86,4605926.0200000005,0.6661475699267494,0.21614092135057195,-0.013859078649428064
KXMLBAL-26-TEX,Will Texas win the 2026 Pro Baseball American League Championship?,Sports,KXMLBAL,KXMLBAL-26,disjoint,True,9,0.99,,0.04,286828.66,4605926.0200000005,0.5854541812795189,0.036044176936988824,-0.003955823063011177
KXINXY-26DEC31H1600-B6300,"Will the S&P 500 be between 6200 and 6399.99 on Dec 31, 2026 at 4pm EST?",Financials,KXINXY,KXINXY-26DEC31H1600,disjoint,True,14,0.94,6300.0,0.02,217060.71,4309571.0,0.0317590766879465,0.021261845713819335,0.0012618457138193345
KXINXY-26DEC31H1600-B6700,"Will the S&P 500 be between 6600 and 6799.99 on Dec 31, 2026 at 4pm EST?",Financials,KXINXY,KXINXY-26DEC31H1600,disjoint,True,14,0.94,6700.0,0.02,214946.84,4309571.0,-0.3270168722333811,0.02082742937539047,0.0008274293753904698
KXINXY-26DEC31H1600-B6900,"Will the S&P 500 be between 6800 and 6999.99 on Dec 31, 2026 at 4pm EST?",Financials,KXINXY,KXINXY-26DEC31H1600,disjoint,True,14,0.94,6900.0,0.03,274472.12,4309571.0,-0.1469503717754969,0.03137404300824592,0.0013740430082459232
KXINXY-26DEC31H1600-B7300,"Will the S&P 500 be between 7200 and 7399.99 on Dec 31, 2026 at 4pm EST?",Financials,KXINXY,KXINXY-26DEC31H1600,disjoint,True,14,0.94,7300.0,0.05,318231.69,4309571.0,0.5937004918140508,0.05271270346685946,0.0027127034668594577
KXINXY-26DEC31H1600-B7500,"Will the S&P 500 be between 7400 and 7599.99 on Dec 31, 2026 at 4pm EST?",Financials,KXINXY,KXINXY-26DEC31H1600,disjoint,True,14,0.94,7500.0,0.1,446544.11,4309571.0,0.6846003368179583,0.09148089303468182,-0.008519106965318185
KXINXY-26DEC31H1600-B7700,"Will the S&P 500 be between 7600 and 7799.99 on Dec 31, 2026 at 4pm EST?",Financials,KXINXY,KXINXY-26DEC31H1600,disjoint,True,14,0.94,7700.0,0.12,457309.91,4309571.0,0.5487189454389759,0.11660317748506255,-0.0033968225149374476
KXINXY-26DEC31H1600-B8100,"Will the S&P 500 be between 8000 and 8199.99 on Dec 31, 2026 at 4pm EST?",Financials,KXINXY,KXINXY-26DEC31H1600,disjoint,True,14,0.94,8100.0,0.16,486179.95,4309571.0,0.0337345573607454,0.14770780990480414,-0.01229219009519586
KXINXY-26DEC31H1600-B8300,"Will the S&P 500 be between 8200 and 8399.99 on Dec 31, 2026 at 4pm EST?",Financials,KXINXY,KXINXY-26DEC31H1600,disjoint,True,14,0.94,8300.0,0.08,296764.06,4309571.0,-0.2796203318840018,0.0858096548140095,0.005809654814009496
KXINXY-26DEC31H1600-B8500,"Will the S&P 500 be between 8400 and 8599.99 on Dec 31, 2026 at 4pm EST?",Financials,KXINXY,KXINXY-26DEC31H1600,disjoint,True,14,0.94,8500.0,0.06,200415.03,4309571.0,-0.4707605460449971,0.061479577521930694,0.0014795775219306959
KXINXY-26DEC31H1600-B8900,"Will the S&P 500 be between 8800 and 9000 on Dec 31, 2026 at 4pm EST?",Financials,KXINXY,KXINXY-26DEC31H1600,disjoint,True,14,0.94,8900.0,0.02,260288.68,4309571.0,0.5208450259902847,0.019323592099410595,-0.0006764079005894055
KXINXY-26DEC31H1600-T9000,"Will the S&P 500 be above 9000 on Dec 31, 2026 at 4pm EST?",Financials,KXINXY,KXINXY-26DEC31H1600,disjoint,True,14,0.94,9000.0,0.03,256080.36,4309571.0,0.1154090497278111,0.027381350101716138,-0.002618649898283861
KXTAKEOVERACQWB-27JUN30-NFLX,Will Netflix's takeover of Warner Brothers succeed Before July 2027?,Companies,KXTAKEOVERACQWB,KXTAKEOVERACQWB-27JUN30,disjoint,True,3,1.03,,0.04,1554316.65,4265899.44,-0.7356223700934679,0.038487858573725296,-0.0015121414262747046
KXTAKEOVERACQWB-27JUN30-PSKY,Will Paramount's takeover of Warner Brothers succeed Before July 2027?,Companies,KXTAKEOVERACQWB,KXTAKEOVERACQWB-27JUN30,disjoint,True,3,1.03,,0.81,1784763.32,4265899.44,0.7356223700934725,0.781679698168333,-0.028320301831667005
KXNFLAFCCHAMP-27-BAL,Will Baltimore win the Pro Football AFC Championship?,Sports,KXNFLAFCCHAMP,KXNFLAFCCHAMP-27,disjoint,True,12,1.07,,0.13,204153.7,4220125.359999999,-0.5370888706265005,0.13596976063678967,0.005969760636789667
KXNFLAFCCHAMP-27-BUF,Will Buffalo win the Pro Football AFC Championship?,Sports,KXNFLAFCCHAMP,KXNFLAFCCHAMP-27,disjoint,True,12,1.07,,0.16,493304.38,4220125.359999999,0.6153068380188953,0.1644018390833668,0.004401839083366804
KXNFLAFCCHAMP-27-DEN,Will Denver win the Pro Football AFC Championship?,Sports,KXNFLAFCCHAMP,KXNFLAFCCHAMP-27,disjoint,True,12,1.07,,0.11,657421.88,4220125.359999999,-0.3117102652563732,0.11851868033667917,0.008518680336679171
KXNFLAFCCHAMP-27-HOU,Will Houston win the Pro Football AFC Championship?,Sports,KXNFLAFCCHAMP,KXNFLAFCCHAMP-27,disjoint,True,12,1.07,,0.1,642957.47,4220125.359999999,-0.3447857822930158,0.09944429850323899,-0.000555701496761013
KXNFLAFCCHAMP-27-IND,Will Indianapolis win the Pro Football AFC Championship?,Sports,KXNFLAFCCHAMP,KXNFLAFCCHAMP-27,disjoint,True,12,1.07,,0.03,76683.07,4220125.359999999,0.2439757930068737,0.02771756547562981,-0.0022824345243701895
KXNFLAFCCHAMP-27-KC,Will Kansas City win the Pro Football AFC Championship?,Sports,KXNFLAFCCHAMP,KXNFLAFCCHAMP-27,disjoint,True,12,1.07,,0.12,256637.0,4220125.359999999,0.0965864011031398,0.12511787489335188,0.005117874893351887
KXNFLAFCCHAMP-27-LAC,Will Los Angeles C win the Pro Football AFC Championship?,Sports,KXNFLAFCCHAMP,KXNFLAFCCHAMP-27,disjoint,True,12,1.07,,0.11,231786.28,4220125.359999999,-0.5109488902149447,0.11573727106957174,0.005737271069571739
KXNFLAFCCHAMP-27-NE,Will New England win the Pro Football AFC Championship?,Sports,KXNFLAFCCHAMP,KXNFLAFCCHAMP-27,disjoint,True,12,1.07,,0.1,242787.83,4220125.359999999,0.0368205708033362,0.10122554395138993,0.0012255439513899208
KXNFLAFCCHAMP-27-PIT,Will Pittsburgh win the Pro Football AFC Championship?,Sports,KXNFLAFCCHAMP,KXNFLAFCCHAMP-27,disjoint,True,12,1.07,,0.03,408024.99,4220125.359999999,-0.4825155800481628,0.031625803079727365,0.0016258030797273657
KXNFLAFCCHAMP-27-TEN,Will Tennessee win the Pro Football AFC Championship?,Sports,KXNFLAFCCHAMP,KXNFLAFCCHAMP-27,disjoint,True,12,1.07,,0.02,372105.27,4220125.359999999,0.5792779345737791,0.019975182385457563,-2.4817614542437666e-05
KXVENEZUELALEADER-26DEC31-DFIG,"Will Dinorah Figuera be the head of state of Venezuela on Dec 31, 2026?",Elections,KXVENEZUELALEADER,KXVENEZUELALEADER-26DEC31,disjoint,False,9,1.238,,0.023,17933.14,3752929.89,0.7016817001860537,0.01942143702370355,-0.0035785629762964503
KXVENEZUELALEADER-26DEC31-DROD,"Will Delcy Rodríguez be the head of state of Venezuela on Dec 31, 2026?",Elections,KXVENEZUELALEADER,KXVENEZUELALEADER-26DEC31,disjoint,False,9,1.238,,0.15,1230308.25,3752929.89,0.3915486821546238,0.1266917502721607,-0.023308249727839292
KXVENEZUELALEADER-26DEC31-DRON,"Will Diosdado Cabello Rondón be the head of state of Venezuela on Dec 31, 2026?",Elections,KXVENEZUELALEADER,KXVENEZUELALEADER-26DEC31,disjoint,False,9,1.238,,0.037,85132.31,3752929.89,0.2339221345098862,0.03065554287462882,-0.0063444571253711765
KXVENEZUELALEADER-26DEC31-JROD,"Will Jorge Rodríguez be the head of state of Venezuela on Dec 31, 2026?",Elections,KXVENEZUELALEADER,KXVENEZUELALEADER-26DEC31,disjoint,False,9,1.238,,0.06,44104.47,3752929.89,0.0551468337857104,0.04531399469690722,-0.014686005303092775
KXVENEZUELALEADER-26DEC31-NMAD,"Will Nicolás Maduro be the head of state of Venezuela on Dec 31, 2026?",Elections,KXVENEZUELALEADER,KXVENEZUELALEADER-26DEC31,disjoint,False,9,1.238,,0.86,853348.54,3752929.89,-0.0900440259013774,0.7549157669344276,-0.10508423306557235
KXVENEZUELALEADER-26DEC31-VLOP,"Will Vladimir Padrino López be the head of state of Venezuela on Dec 31, 2026?",Elections,KXVENEZUELALEADER,KXVENEZUELALEADER-26DEC31,disjoint,False,9,1.238,,0.029,67637.85,3752929.89,0.8116575496678131,0.023001508198171934,-0.005998491801828067
KXOSCARPIC-27-AVEN,Will Avengers: Doomsday win Best Picture at the Oscars?,Entertainment,KXOSCARPIC,KXOSCARPIC-27,disjoint,True,10,0.97,,0.02,282475.05,3516187.3,-0.0421597524955831,0.020090931317527976,9.093131752797509e-05
KXOSCARPIC-27-BEH,Will Behemoth win Best Picture at the Oscars?,Entertainment,KXOSCARPIC,KXOSCARPIC-27,disjoint,True,10,0.97,,0.02,60729.76,3516187.3,0.6562730985472068,0.0197101640734342,-0.00028983592656580195
KXOSCARPIC-27-BLA,Will The Black Ball win Best Picture at the Oscars?,Entertainment,KXOSCARPIC,KXOSCARPIC-27,disjoint,True,10,0.97,,0.11,266190.56,3516187.3,0.5920268104257929,0.0995592207883701,-0.010440779211629905
KXOSCARPIC-27-DEB,Will The Debut win Best Picture at the Oscars?,Entertainment,KXOSCARPIC,KXOSCARPIC-27,disjoint,True,10,0.97,,0.04,136878.23,3516187.3,0.0926610203661384,0.03686313141594644,-0.0031368685840535634
KXOSCARPIC-27-DIG,Will Digger win Best Picture at the Oscars?,Entertainment,KXOSCARPIC,KXOSCARPIC-27,disjoint,True,10,0.97,,0.05,206433.36,3516187.3,0.4722704685062143,0.04531429185686734,-0.004685708143132662
KXOSCARPIC-27-DUN,Will Dune: Part Three win Best Picture at the Oscars?,Entertainment,KXOSCARPIC,KXOSCARPIC-27,disjoint,True,10,0.97,,0.13,396859.04,3516187.3,0.5577602362151171,0.1335466706928583,0.0035466706928583003
KXOSCARPIC-27-ODY,Will The Odyssey win Best Picture at the Oscars?,Entertainment,KXOSCARPIC,KXOSCARPIC-27,disjoint,True,10,0.97,,0.49,1508883.01,3516187.3,-0.0681456308019383,0.47180688614548,-0.018193113854519993
KXOSCARPIC-27-PRO,Will Project Hail Mary win Best Picture at the Oscars?,Entertainment,KXOSCARPIC,KXOSCARPIC-27,disjoint,True,10,0.97,,0.02,259239.16,3516187.3,-0.0333401989360352,0.020034282764658812,3.4282764658812026e-05
KXOSCARPIC-27-SOC,Will The Social Reckoning win Best Picture at the Oscars?,Entertainment,KXOSCARPIC,KXOSCARPIC-27,disjoint,True,10,0.97,,0.02,123577.54,3516187.3,0.5711658493279262,0.021630265895704374,0.001630265895704374
KXOSCARPIC-27-WIL,Will Wild Horse Nine win Best Picture at the Oscars?,Entertainment,KXOSCARPIC,KXOSCARPIC-27,disjoint,True,10,0.97,,0.07,274921.59,3516187.3,0.4505497539065807,0.06649009120808426,-0.0035099087919157473
KXWNBA-26-ATL,Will Atlanta win the 2026 Women's Pro Basketball Championship?,Sports,KXWNBA,KXWNBA-26,disjoint,True,7,0.98,,0.12,460929.47,3438052.3600000003,-0.1918094074401286,0.11784919015285511,-0.0021508098471448855
KXWNBA-26-GS,Will Golden State win the 2026 Women's Pro Basketball Championship?,Sports,KXWNBA,KXWNBA-26,disjoint,True,7,0.98,,0.11,573946.29,3438052.3600000003,0.0863176970906508,0.11562212504794707,0.005622125047947069
KXWNBA-26-IND,Will Indiana win the 2026 Women's Pro Basketball Championship?,Sports,KXWNBA,KXWNBA-26,disjoint,True,7,0.98,,0.12,779126.26,3438052.3600000003,0.6832958900937361,0.11349115597179893,-0.006508844028201066
KXWNBA-26-LV,Will Las Vegas win the 2026 Women's Pro Basketball Championship?,Sports,KXWNBA,KXWNBA-26,disjoint,True,7,0.98,,0.09,338995.27,3438052.3600000003,0.6475978537624328,0.08238563837691827,-0.007614361623081725
KXWNBA-26-MIN,Will Minnesota win the 2026 Women's Pro Basketball Championship?,Sports,KXWNBA,KXWNBA-26,disjoint,True,7,0.98,,0.46,555684.46,3438052.3600000003,-0.1258758040889912,0.4406571336680667,-0.01934286633193333
KXWNBA-26-NY,Will New York win the 2026 Women's Pro Basketball Championship?,Sports,KXWNBA,KXWNBA-26,disjoint,True,7,0.98,,0.06,456309.66,3438052.3600000003,0.5685279752727292,0.05593465544704805,-0.004065344552951947
KXWNBA-26-WSH,Will Washington win the 2026 Women's Pro Basketball Championship?,Sports,KXWNBA,KXWNBA-26,disjoint,True,7,0.98,,0.02,273060.95,3438052.3600000003,-0.3018870448289158,0.021718790609370292,0.0017187906093702916
KXRATECUTCOUNT-26DEC31-T0,Will the Fed cut rates 0 times?,Economics,KXRATECUTCOUNT,KXRATECUTCOUNT-26DEC31,disjoint,True,2,1.002,0.0,0.912,2392472.68,3293622.16,0.7414598840822333,0.9128785061657022,0.0008785061657021753
KXRATECUTCOUNT-26DEC31-T1,Will the Fed cut rates 1 times?,Economics,KXRATECUTCOUNT,KXRATECUTCOUNT-26DEC31,disjoint,True,2,1.002,1.0,0.09,901149.48,3293622.16,-0.741459884082233,0.08712149383429774,-0.0028785061657022604
KXNASCARCUPSERIES-NCS26-BWAL,Will Bubba Wallace be the NASCAR Cup Series Champion?,Sports,KXNASCARCUPSERIES,KXNASCARCUPSERIES-NCS26,disjoint,True,10,1.06,,0.02,219859.79,3203213.31,0.4764837773414725,0.020109972664701443,0.00010997266470144304
KXNASCARCUPSERIES-NCS26-CBEL,Will Christopher Bell be the NASCAR Cup Series Champion?,Sports,KXNASCARCUPSERIES,KXNASCARCUPSERIES-NCS26,disjoint,True,10,1.06,,0.19,274170.06,3203213.31,-0.1521407784867693,0.18863373148380755,-0.0013662685161924537
KXNASCARCUPSERIES-NCS26-CBRI,Will Chase Briscoe be the NASCAR Cup Series Champion?,Sports,KXNASCARCUPSERIES,KXNASCARCUPSERIES-NCS26,disjoint,True,10,1.06,,0.06,228106.78,3203213.31,0.6495741685113262,0.052637524296969336,-0.007362475703030662
KXNASCARCUPSERIES-NCS26-CELL,Will Chase Elliott be the NASCAR Cup Series Champion?,Sports,KXNASCARCUPSERIES,KXNASCARCUPSERIES-NCS26,disjoint,True,10,1.06,,0.02,273577.95,3203213.31,0.538620241857695,0.02018896205820127,0.00018896205820127104
KXNASCARCUPSERIES-NCS26-DHAM,Will Denny Hamlin be the NASCAR Cup Series Champion?,Sports,KXNASCARCUPSERIES,KXNASCARCUPSERIES-NCS26,disjoint,True,10,1.06,,0.37,570814.45,3203213.31,-0.5983930568059767,0.3490315364102788,-0.02096846358972121
KXNASCARCUPSERIES-NCS26-JLOG,Will Joey Logano be the NASCAR Cup Series Champion?,Sports,KXNASCARCUPSERIES,KXNASCARCUPSERIES-NCS26,disjoint,True,10,1.06,,0.05,290363.07,3203213.31,-0.093470326458286,0.049675723505661094,-0.00032427649433890843
KXNASCARCUPSERIES-NCS26-KLAR,Will Kyle Larson be the NASCAR Cup Series Champion?,Sports,KXNASCARCUPSERIES,KXNASCARCUPSERIES-NCS26,disjoint,True,10,1.06,,0.07,335813.73,3203213.31,0.4017991583967486,0.07070765269612794,0.0007076526961279361
KXNASCARCUPSERIES-NCS26-RBLA,Will Ryan Blaney be the NASCAR Cup Series Champion?,Sports,KXNASCARCUPSERIES,KXNASCARCUPSERIES-NCS26,disjoint,True,10,1.06,,0.15,308912.21,3203213.31,-0.4785612292053702,0.13528431869692079,-0.014715681303079209
KXNASCARCUPSERIES-NCS26-TGIB,Will Ty Gibbs be the NASCAR Cup Series Champion?,Sports,KXNASCARCUPSERIES,KXNASCARCUPSERIES-NCS26,disjoint,True,10,1.06,,0.06,214577.89,3203213.31,0.3568939217592088,0.05177810576575372,-0.008221894234246276
KXNASCARCUPSERIES-NCS26-TRED,Will Tyler Reddick be the NASCAR Cup Series Champion?,Sports,KXNASCARCUPSERIES,KXNASCARCUPSERIES-NCS26,disjoint,True,10,1.06,,0.07,487017.38,3203213.31,0.2865490974827635,0.06195247242157794,-0.008047527578422066
KXWTA-26USO-AND,Will Mirra Andreeva win the US Open Women's Singles?,Sports,KXWTA,KXWTA-26USO,disjoint,True,8,1.08,,0.09,191108.54,3196846.99,0.0477234303813592,0.08250311187844647,-0.007496888121553524
KXWTA-26USO-GAU,Will Coco Gauff win the US Open Women's Singles?,Sports,KXWTA,KXWTA-26USO,disjoint,True,8,1.08,,0.23,716461.38,3196846.99,-0.3089640105498648,0.2275690161137147,-0.0024309838862853206
KXWTA-26USO-NAV,Will Emma Navarro win the US Open Women's Singles?,Sports,KXWTA,KXWTA-26USO,disjoint,True,8,1.08,,0.03,568131.87,3196846.99,0.7760395962173374,0.029921336818972556,-7.866318102744269e-05
KXWTA-26USO-PEG,Will Jessica Pegula win the US Open Women's Singles?,Sports,KXWTA,KXWTA-26USO,disjoint,True,8,1.08,,0.11,326747.64,3196846.99,0.3867652125188497,0.09223832068735352,-0.01776167931264648
KXWTA-26USO-RYB,Will Elena Rybakina win the US Open Women's Singles?,Sports,KXWTA,KXWTA-26USO,disjoint,True,8,1.08,,0.2,387759.32,3196846.99,-0.7078240443603233,0.18645251852233985,-0.013547481477660162
KXWTA-26USO-SAB,Will Aryna Sabalenka win the US Open Women's Singles?,Sports,KXWTA,KXWTA-26USO,disjoint,True,8,1.08,,0.36,434461.93,3196846.99,0.1084977913791259,0.32936296711966395,-0.030637032880336035
KXWTA-26USO-SWI,Will Iga Swiatek win the US Open Women's Singles?,Sports,KXWTA,KXWTA-26USO,disjoint,True,8,1.08,,0.02,294259.07,3196846.99,0.7648598157876176,0.01757120925941266,-0.0024287907405873416
KXWTA-26USO-ZHE,Will Qinwen Zheng win the US Open Women's Singles?,Sports,KXWTA,KXWTA-26USO,disjoint,True,8,1.08,,0.04,277917.24,3196846.99,-0.071396052123109,0.03438151960009624,-0.005618480399903758
SENATEMI-26-D,Will Democratics win the Senate race in Michigan?,Elections,SENATEMI,SENATEMI-26,disjoint,True,2,1.0,,0.63,1285276.47,3170916.44,-0.805280483028861,0.6021244515263036,-0.027875548473696443
SENATEMI-26-R,Will Republicans win the Senate race in Michigan?,Elections,SENATEMI,SENATEMI-26,disjoint,True,2,1.0,,0.37,1885639.97,3170916.44,0.8052804830288605,0.39787554847369644,0.027875548473696443
SENATEOHS-26-D,Will Democratics win the Senate race in Ohio?,Elections,SENATEOHS,SENATEOHS-26,disjoint,True,2,1.01,,0.54,1125615.57,2630617.0300000003,0.804484884839307,0.5209059166582416,-0.01909408334175844
SENATEOHS-26-R,Will Republicans win the Senate race in Ohio?,Elections,SENATEOHS,SENATEOHS-26,disjoint,True,2,1.01,,0.47,1505001.46,2630617.0300000003,-0.8044848848393082,0.4717663184438764,0.0017663184438764246
KXALIENS-26DEC,"Will the U.S. confirm that aliens exist before Dec 1, 2026?",Science and Technology,KXALIENS,KXALIENS-27,nested,False,5,0.431,,0.03,168801.31,29386582.840000004,0.6875466047076136,0.027221321684127196,-0.0027786783158728033
KXALIENS-26NOV,"Will the U.S. confirm that aliens exist before Nov 1, 2026?",Science and Technology,KXALIENS,KXALIENS-27,nested,False,5,0.431,,0.02,325335.21,29386582.840000004,0.6676738974464873,0.02043825733591959,0.0004382573359195882
KXALIENS-27,Will the U.S. confirm that aliens exist before 2027?,Science and Technology,KXALIENS,KXALIENS-27,nested,False,5,0.431,,0.051,27610642.05,29386582.840000004,0.706608298791617,0.05102732603693439,2.732603693439417e-05
KXALIENS-27-29,Will the U.S. confirm that aliens exist in 2029?,Science and Technology,KXALIENS,KXALIENS-27,nested,False,5,0.431,,0.2,591076.01,29386582.840000004,0.1656905021779901,0.1820591500499996,-0.01794084995000042
KXWTIMAX-26DEC31-T115,"Will the maximum WTI front month settle price reach $115.01 by Dec 31, 2026?",Financials,KXWTIMAX,KXWTIMAX-26DEC31,nested,False,10,1.482,115.0,0.295,1511933.32,7857852.54,0.7478819232112807,0.3069781185748155,0.01197811857481551
KXWTIMAX-26DEC31-T120,"Will the maximum WTI front month settle price reach $120.01 by Dec 31, 2026?",Financials,KXWTIMAX,KXWTIMAX-26DEC31,nested,False,10,1.482,120.0,0.246,828754.89,7857852.54,0.7818464246783444,0.23929057643706125,-0.006709423562938743
KXWTIMAX-26DEC31-T125,"Will the maximum WTI front month settle price reach $125.01 by Dec 31, 2026?",Financials,KXWTIMAX,KXWTIMAX-26DEC31,nested,False,10,1.482,125.0,0.214,614535.07,7857852.54,0.7675831187427454,0.23419227314045712,0.02019227314045713
KXWTIMAX-26DEC31-T130,"Will the maximum WTI front month settle price reach $130.01 by Dec 31, 2026?",Financials,KXWTIMAX,KXWTIMAX-26DEC31,nested,False,10,1.482,130.0,0.17,661779.87,7857852.54,0.7327655718893306,0.1857232080280318,0.015723208028031788
KXWTIMAX-26DEC31-T135,"Will the maximum WTI front month settle price reach $135.01 by Dec 31, 2026?",Financials,KXWTIMAX,KXWTIMAX-26DEC31,nested,False,10,1.482,135.0,0.125,462343.5,7857852.54,0.7984826667672468,0.1187945573956341,-0.006205442604365896
KXWTIMAX-26DEC31-T150,"Will the maximum WTI front month settle price reach $150.01 by Dec 31, 2026?",Financials,KXWTIMAX,KXWTIMAX-26DEC31,nested,False,10,1.482,150.0,0.099,919860.41,7857852.54,0.5231054319113635,0.09894552041666924,-5.4479583330768744e-05
KXWTIMAX-26DEC31-T160,"Will the maximum WTI front month settle price reach $160.01 by Dec 31, 2026?",Financials,KXWTIMAX,KXWTIMAX-26DEC31,nested,False,10,1.482,160.0,0.08,644858.15,7857852.54,0.6966499653425486,0.07681405295706832,-0.0031859470429316805
KXWTIMAX-26DEC31-T180,"Will the maximum WTI front month settle price reach $180.01 by Dec 31, 2026?",Financials,KXWTIMAX,KXWTIMAX-26DEC31,nested,False,10,1.482,180.0,0.073,875482.17,7857852.54,0.6762668935752384,0.06985867121791102,-0.0031413287820889757
KXTRUMPOUT27-27-28,Will Donald Trump leave office before 2028?,Politics,KXTRUMPOUT27,KXTRUMPOUT27-27,nested,False,3,0.481,,0.18,851915.91,7306223.52,0.7226057518295681,0.172031272712518,-0.007968727287481991
KXTRUMPOUT27-27-DJT,Donald Trump out before 2027?,Politics,KXTRUMPOUT27,KXTRUMPOUT27-27,nested,False,3,0.481,,0.051,5893925.84,7306223.52,0.7226057518295708,0.05516431203685986,0.004164312036859866
KXGREENLAND-29,Will Trump buy Greenland?,Politics,KXGREENLAND,KXGREENLAND-29,nested,False,2,0.23,,0.19,3476086.71,4971822.3,0.7615602118021242,0.18010335184534496,-0.009896648154655047
KXGREENLAND-29-27,Will Trump buy Greenland?,Politics,KXGREENLAND,KXGREENLAND-29,nested,False,2,0.23,,0.04,1495735.59,4971822.3,0.7615602118021241,0.037159158976729785,-0.002840841023270216
KXBTCMINY-27JAN01-45000.00,"Will Bitcoin be below $45000.00 by Jan 1, 2027 at 12:00am ET?",Crypto,KXBTCMINY,KXBTCMINY-27JAN01,nested,False,4,0.64,45000.0,0.14,817386.47,4829212.53,0.8015836726684769,0.13970467728777178,-0.00029532271222823536
KXBTCMINY-27JAN01-50000.00,"Will Bitcoin be below $50000.00 by Jan 1, 2027 at 12:00am ET?",Crypto,KXBTCMINY,KXBTCMINY-27JAN01,nested,False,4,0.64,50000.0,0.17,1308753.3,4829212.53,0.8713007759803666,0.18651211543976046,0.016512115439760444
KXBTCMINY-27JAN01-55000.00,"Will Bitcoin be below $55000.00 by Jan 1, 2027 at 12:00am ET?",Crypto,KXBTCMINY,KXBTCMINY-27JAN01,nested,False,4,0.64,55000.0,0.23,1466297.16,4829212.53,0.7788840108430586,0.21813454248952904,-0.011865457510470967
KXBTCMAXY-26DEC31-99999.99,"Will Bitcoin be above $99,999.99 by Dec 31, 2026 at 11:59 PM ET?",Crypto,KXBTCMAXY,KXBTCMAXY-26DEC31,nested,False,7,0.68,99999.99,0.24,1412490.68,4618103.12,0.5326329750304983,0.23365359037052416,-0.00634640962947583
KXBTCMAXY-26DEC31-119999.99,"Will Bitcoin be above $119,999.99 by Dec 31, 2026 at 11:59 PM ET?",Crypto,KXBTCMAXY,KXBTCMAXY-26DEC31,nested,False,7,0.68,119999.99,0.12,566593.84,4618103.12,0.7643827132525209,0.12413125313774108,0.004131253137741084
KXBTCMAXY-26DEC31-129999.99,"Will Bitcoin be above $129,999.99 by Dec 31, 2026 at 11:59 PM ET?",Crypto,KXBTCMAXY,KXBTCMAXY-26DEC31,nested,False,7,0.68,129999.99,0.07,437624.81,4618103.12,0.6333191833142591,0.07366267461460205,0.0036626746146020406
KXBTCMAXY-26DEC31-139999.99,"Will Bitcoin be above $139,999.99 by Dec 31, 2026 at 11:59 PM ET?",Crypto,KXBTCMAXY,KXBTCMAXY-26DEC31,nested,False,7,0.68,139999.99,0.06,316875.02,4618103.12,0.3921991787299385,0.05685165052790879,-0.003148349472091208
KXBTCMAXY-26DEC31-199999.99,"Will Bitcoin be above $199,999.99 by Dec 31, 2026 at 11:59 PM ET?",Crypto,KXBTCMAXY,KXBTCMAXY-26DEC31,nested,False,7,0.68,199999.99,0.02,842550.09,4618103.12,0.4411602693811318,0.02091286539444744,0.0009128653944474388
