ticker,price,model_prob,edge
KXFEDDECISION-26SEP-H0,0.46000000000000002,0.44845769093395738,-0.011542309066042644
KXFEDDECISION-26SEP-H25,0.54000000000000004,0.58867714509227098,0.048677145092270946
KXFEDDECISION-26SEP-H26,0.02,0.020927975767245619,0.00092797576724561875
KXMLB-26-ATL,0.067000000000000004,0.068322023688240294,0.0013220236882402897
KXMLB-26-BOS,0.050999999999999997,0.047491390132512849,-0.0035086098674871474
KXMLB-26-CHC,0.055,0.051215939723698228,-0.0037840602763017719
KXMLB-26-CWS,0.042000000000000003,0.038287902342212875,-0.0037120976577871279
KXMLB-26-HOU,0.034000000000000002,0.03648999779126956,0.0024899977912695576
KXMLB-26-LAD,0.31,0.31626913072807894,0.0062691307280789421
KXMLB-26-MIL,0.14399999999999999,0.14999249024052611,0.005992490240526116
KXMLB-26-NYY,0.11,0.099452858874507652,-0.010547141125492349
KXMLB-26-PHI,0.075999999999999998,0.08314262975286231,0.0071426297528623117
KXMLB-26-TB,0.083000000000000004,0.088518547837287007,0.0055185478372870023
CONTROLH-2026-D,0.84999999999999998,0.80109764881530698,-0.048902351184692994
CONTROLH-2026-R,0.14999999999999999,0.14045474901621302,-0.0095452509837869737
KXNBA-27-BOS,0.050000000000000003,0.046834045098534338,-0.0031659549014656646
KXNBA-27-CLE,0.02,0.019216968971838153,-0.00078303102816184786
KXNBA-27-DEN,0.040000000000000001,0.040198051453057902,0.00019805145305790139
KXNBA-27-DET,0.029999999999999999,0.029591670111852694,-0.00040832988814730464
KXNBA-27-HOU,0.02,0.019164916560792167,-0.00083508343920783365
KXNBA-27-IND,0.02,0.020447411578889518,0.00044741157888951791
KXNBA-27-LAL,0.029999999999999999,0.027836963163912251,-0.0021630368360877478
KXNBA-27-MIA,0.040000000000000001,0.038337157188281748,-0.0016628428117182528
KXNBA-27-MIN,0.050000000000000003,0.048663618432936921,-0.0013363815670630816
KXNBA-27-NYK,0.080000000000000002,0.079297119747472569,-0.00070288025252743247
KXNBA-27-OKC,0.20999999999999999,0.22197739037850658,0.011977390378506592
KXNBA-27-ORL,0.02,0.018798695128633438,-0.0012013048713665625
KXNBA-27-PHI,0.10000000000000001,0.10028468876827223,0.00028468876827222878
KXNBA-27-SAS,0.22,0.22406624102992986,0.0040662410299298624
KXNBA-27-TOR,0.02,0.01818580165087999,-0.0018141983491200102
KXGOVCA-26-SHIL,0.042000000000000003,0.04290337675597209,0.00090337675597208789
KXGOVCA-26-XBEC,0.95799999999999996,0.89487242209848494,-0.06312757790151502
KXATP-26USO-ALC,0.57999999999999996,0.52954598478629245,-0.050454015213707515
KXATP-26USO-MUS,0.02,0.021795542149013331,0.0017955421490133301
KXATP-26USO-SHE,0.089999999999999997,0.09838137659534206,0.0083813765953420633
KXATP-26USO-TIA,0.050000000000000003,0.053083973481164615,0.0030839734811646119
KXATP-26USO-ZVE,0.27000000000000002,0.25944914353536203,-0.010550856464637992
SENATETX-26-D,0.46999999999999997,0.43218117871660006,-0.037818821283399917
SENATETX-26-R,0.54000000000000004,0.55989716686331303,0.019897166863312998
KXBALANCEPOWERCOMBO-27FEB-DD,0.47999999999999998,0.4742546393990017,-0.0057453606009982838
KXBALANCEPOWERCOMBO-27FEB-DR,0.37,0.34203082937851359,-0.027969170621486406
KXBALANCEPOWERCOMBO-27FEB-RR,0.17000000000000001,0.1698360149437832,-0.00016398505621681436
CONTROLS-2026-D,0.46999999999999997,0.4262325209848305,-0.043767479015169475
CONTROLS-2026-R,0.53000000000000003,0.57338796262035097,0.043387962620350939
KXLLM1-26DEC31-GOOG,0.053999999999999999,0.05139482380128018,-0.0026051761987198191
KXLLM1-26DEC31-OAI,0.217,0.2240534671409628,0.0070534671409628047
KXLLM1-26DEC31-XAI,0.056000000000000001,0.053891164052201408,-0.002108835947798593
KXBALLONDOR-26-HKAN,0.64000000000000001,0.64256870671075972,0.002568706710759705
KXBALLONDOR-26-KKVA,0.029999999999999999,0.030280261676059676,0.00028026167605967739
KXBALLONDOR-26-KMBA,0.13,0.1218062158436637,-0.0081937841563363006
KXBALLONDOR-26-LYAM,0.14000000000000001,0.15314836957740766,0.013148369577407643
KXNFLNFCCHAMP-27-ATL,0.02,0.021100531293444462,0.0011005312934444615
KXNFLNFCCHAMP-27-CHI,0.080000000000000002,0.087031983065027033,0.007031983065027031
KXNFLNFCCHAMP-27-DAL,0.089999999999999997,0.097106892307697673,0.0071068923076976764
KXNFLNFCCHAMP-27-DET,0.089999999999999997,0.091762199618599521,0.0017621996185995248
KXNFLNFCCHAMP-27-LAR,0.23999999999999999,0.26024996328110955,0.020249963281109562
KXNFLNFCCHAMP-27-MIN,0.040000000000000001,0.036707940016415357,-0.0032920599835846442
KXNFLNFCCHAMP-27-NO,0.02,0.018783931449676581,-0.0012160685503234195
KXNFLNFCCHAMP-27-PHI,0.10000000000000001,0.090904545778210777,-0.0090954542217892287
KXNFLNFCCHAMP-27-SEA,0.12,0.11580792793831834,-0.0041920720616816509
KXNFLNFCCHAMP-27-SF,0.089999999999999997,0.087996191214410671,-0.0020038087855893255
KXNFLNFCCHAMP-27-WAS,0.029999999999999999,0.028628094190643376,-0.001371905809356623
KXF1-26-GR,0.050000000000000003,0.053287375091519297,0.0032873750915192942
KXF1-26-KA,0.87,0.84507507884468447,-0.024924921155315527
KXF1-26-LN,0.029999999999999999,0.028685607058124282,-0.0013143929418757173
SENATEME-26-D,0.68000000000000005,0.68580666730952189,0.0058066673095218402
SENATEME-26-R,0.32000000000000001,0.29701915039838483,-0.022980849601615172
KXMLBAL-26-CLE,0.070000000000000007,0.074230757730556554,0.0042307577305565475
KXMLBAL-26-CWS,0.11,0.10064011416095496,-0.0093598858390450401
KXMLBAL-26-HOU,0.080000000000000002,0.087790190985608266,0.0077901909856082641
KXMLBAL-26-SEA,0.02,0.021088979077186633,0.0010889790771866324
KXMLBAL-26-TB,0.23000000000000001,0.21614092135057195,-0.013859078649428064
KXMLBAL-26-TEX,0.040000000000000001,0.036044176936988824,-0.0039558230630111768
KXINXY-26DEC31H1600-B6300,0.02,0.021261845713819335,0.0012618457138193345
KXINXY-26DEC31H1600-B6700,0.02,0.02082742937539047,0.00082742937539046976
KXINXY-26DEC31H1600-B6900,0.029999999999999999,0.031374043008245922,0.0013740430082459232
KXINXY-26DEC31H1600-B7300,0.050000000000000003,0.05271270346685946,0.0027127034668594577
KXINXY-26DEC31H1600-B7500,0.10000000000000001,0.091480893034681821,-0.008519106965318185
KXINXY-26DEC31H1600-B7700,0.12,0.11660317748506255,-0.0033968225149374476
KXINXY-26DEC31H1600-B8100,0.16,0.14770780990480414,-0.01229219009519586
KXINXY-26DEC31H1600-B8300,0.080000000000000002,0.085809654814009498,0.0058096548140094961
KXINXY-26DEC31H1600-B8500,0.059999999999999998,0.061479577521930694,0.0014795775219306959
KXINXY-26DEC31H1600-B8900,0.02,0.019323592099410595,-0.00067640790058940553
KXINXY-26DEC31H1600-T9000,0.029999999999999999,0.027381350101716138,-0.0026186498982838612
KXTAKEOVERACQWB-27JUN30-NFLX,0.040000000000000001,0.038487858573725296,-0.0015121414262747046
KXTAKEOVERACQWB-27JUN30-PSKY,0.81000000000000005,0.78167969816833305,-0.028320301831667005
KXNFLAFCCHAMP-27-BAL,0.13,0.13596976063678967,0.0059697606367896672
KXNFLAFCCHAMP-27-BUF,0.16,0.16440183908336681,0.0044018390833668042
KXNFLAFCCHAMP-27-DEN,0.11,0.11851868033667917,0.0085186803366791713
KXNFLAFCCHAMP-27-HOU,0.10000000000000001,0.099444298503238993,-0.00055570149676101299
KXNFLAFCCHAMP-27-IND,0.029999999999999999,0.027717565475629809,-0.0022824345243701895
KXNFLAFCCHAMP-27-KC,0.12,0.12511787489335188,0.0051178748933518869
KXNFLAFCCHAMP-27-LAC,0.11,0.11573727106957174,0.0057372710695717394
KXNFLAFCCHAMP-27-NE,0.10000000000000001,0.10122554395138993,0.0012255439513899208
KXNFLAFCCHAMP-27-PIT,0.029999999999999999,0.031625803079727365,0.0016258030797273657
KXNFLAFCCHAMP-27-TEN,0.02,0.019975182385457563,-2.4817614542437666e-05
KXOSCARPIC-27-AVEN,0.02,0.020090931317527976,9.0931317527975092e-05
KXOSCARPIC-27-BEH,0.02,0.019710164073434198,-0.00028983592656580195
KXOSCARPIC-27-BLA,0.11,0.099559220788370095,-0.010440779211629905
KXOSCARPIC-27-DEB,0.040000000000000001,0.036863131415946437,-0.0031368685840535634
KXOSCARPIC-27-DIG,0.050000000000000003,0.045314291856867341,-0.0046857081431326622
KXOSCARPIC-27-DUN,0.13,0.1335466706928583,0.0035466706928583003
KXOSCARPIC-27-ODY,0.48999999999999999,0.47180688614548,-0.018193113854519993
KXOSCARPIC-27-PRO,0.02,0.020034282764658812,3.4282764658812026e-05
KXOSCARPIC-27-SOC,0.02,0.021630265895704374,0.0016302658957043741
KXOSCARPIC-27-WIL,0.070000000000000007,0.066490091208084259,-0.0035099087919157473
KXWNBA-26-ATL,0.12,0.11784919015285511,-0.0021508098471448855
KXWNBA-26-GS,0.11,0.11562212504794707,0.0056221250479470686
KXWNBA-26-IND,0.12,0.11349115597179893,-0.0065088440282010662
KXWNBA-26-LV,0.089999999999999997,0.082385638376918272,-0.0076143616230817252
KXWNBA-26-MIN,0.46000000000000002,0.44065713366806669,-0.019342866331933328
KXWNBA-26-NY,0.059999999999999998,0.055934655447048051,-0.0040653445529519466
KXWNBA-26-WSH,0.02,0.021718790609370292,0.0017187906093702916
KXRATECUTCOUNT-26DEC31-T0,0.91200000000000003,0.96820115723254974,0.056201157232549703
KXRATECUTCOUNT-26DEC31-T1,0.089999999999999997,0.09240126761718763,0.0024012676171876329
KXNASCARCUPSERIES-NCS26-BWAL,0.02,0.021485842360750872,0.0014858423607508713
KXNASCARCUPSERIES-NCS26-CBEL,0.19,0.20153953892216633,0.011539538922166331
KXNASCARCUPSERIES-NCS26-CBRI,0.059999999999999998,0.056238840706632431,-0.0037611592933675664
KXNASCARCUPSERIES-NCS26-CELL,0.02,0.021570235993959911,0.0015702359939599106
KXNASCARCUPSERIES-NCS26-DHAM,0.37,0.37291132590175818,0.0029113259017581883
KXNASCARCUPSERIES-NCS26-JLOG,0.050000000000000003,0.053074401551640629,0.0030744015516406265
KXNASCARCUPSERIES-NCS26-KLAR,0.070000000000000007,0.075545278198928908,0.0055452781989289018
KXNASCARCUPSERIES-NCS26-RBLA,0.14999999999999999,0.14454010424915589,-0.0054598957508441015
KXNASCARCUPSERIES-NCS26-TGIB,0.059999999999999998,0.055320623094332118,-0.0046793769056678799
KXNASCARCUPSERIES-NCS26-TRED,0.070000000000000007,0.066191092275587199,-0.0038089077244128078
KXWTA-26USO-AND,0.089999999999999997,0.08868794019527261,-0.0013120598047273863
KXWTA-26USO-GAU,0.23000000000000001,0.2446286792324347,0.014628679232434688
KXWTA-26USO-NAV,0.029999999999999999,0.032164383499538061,0.0021643834995380626
KXWTA-26USO-PEG,0.11,0.099152946871686187,-0.010847053128313813
KXWTA-26USO-RYB,0.20000000000000001,0.20042989210310266,0.00042989210310265258
KXWTA-26USO-SAB,0.35999999999999999,0.35405359222671207,-0.0059464077732879206
KXWTA-26USO-SWI,0.02,0.018888431241882921,-0.0011115687581170798
KXWTA-26USO-ZHE,0.040000000000000001,0.03695892293866946,-0.003041077061330541
SENATEMI-26-D,0.63,0.60953951159685715,-0.020460488403142851
SENATEMI-26-R,0.37,0.40277531808952644,0.03277531808952644
SENATEOHS-26-D,0.54000000000000004,0.5209059166582416,-0.019094083341758439
SENATEOHS-26-R,0.46999999999999997,0.4717663184438764,0.0017663184438764246
KXWTIMAX-26DEC31-T115,0.29499999999999998,0.3069781185748155,0.011978118574815511
KXWTIMAX-26DEC31-T120,0.246,0.23929057643706125,-0.0067094235629387433
KXWTIMAX-26DEC31-T125,0.214,0.23419227314045712,0.020192273140457129
KXWTIMAX-26DEC31-T130,0.17000000000000001,0.1857232080280318,0.015723208028031788
KXWTIMAX-26DEC31-T135,0.125,0.1187945573956341,-0.0062054426043658961
KXWTIMAX-26DEC31-T150,0.099000000000000005,0.098945520416669236,-5.4479583330768744e-05
KXWTIMAX-26DEC31-T160,0.080000000000000002,0.076814052957068321,-0.0031859470429316805
KXWTIMAX-26DEC31-T180,0.072999999999999995,0.06985867121791102,-0.0031413287820889757
KXALIENS-26DEC,0.029999999999999999,0.027221321684127196,-0.0027786783158728033
KXALIENS-26NOV,0.02,0.020438257335919589,0.00043825733591958821
KXALIENS-27,0.050999999999999997,0.051027326036934391,2.7326036934394171e-05
KXALIENS-27-29,0.20000000000000001,0.18205915004999959,-0.01794084995000042
KXTRUMPOUT27-27-28,0.17999999999999999,0.172031272712518,-0.0079687272874819914
KXTRUMPOUT27-27-DJT,0.050999999999999997,0.055164312036859862,0.0041643120368598657
KXGREENLAND-29,0.19,0.18010335184534496,-0.0098966481546550467
KXGREENLAND-29-27,0.040000000000000001,0.037159158976729785,-0.0028408410232702158
KXBTCMINY-27JAN01-45000.00,0.14000000000000001,0.13970467728777178,-0.00029532271222823536
KXBTCMINY-27JAN01-50000.00,0.17000000000000001,0.18651211543976046,0.016512115439760444
KXBTCMINY-27JAN01-55000.00,0.23000000000000001,0.21813454248952904,-0.011865457510470967
KXBTCMAXY-26DEC31-119999.99,0.12,0.12413125313774108,0.0041312531377410838
KXBTCMAXY-26DEC31-129999.99,0.070000000000000007,0.073662674614602047,0.0036626746146020406
KXBTCMAXY-26DEC31-139999.99,0.059999999999999998,0.05685165052790879,-0.0031483494720912081
KXBTCMAXY-26DEC31-199999.99,0.02,0.020912865394447439,0.0009128653944474388
KXBTCMAXY-26DEC31-99999.99,0.23999999999999999,0.23365359037052416,-0.0063464096294758299
KXVENEZUELALEADER-26DEC31-DFIG,0.023,0.023608606820730467,0.00060860682073046735
KXVENEZUELALEADER-26DEC31-DROD,0.14999999999999999,0.15400589132282683,0.0040058913228268322
KXVENEZUELALEADER-26DEC31-DRON,0.036999999999999998,0.037264732662153209,0.0002647326621532109
KXVENEZUELALEADER-26DEC31-JROD,0.059999999999999998,0.055083477240652899,-0.0049165227593470986
KXVENEZUELALEADER-26DEC31-NMAD,0.85999999999999999,0.91767202924134894,0.057672029241348954
KXVENEZUELALEADER-26DEC31-VLOP,0.029000000000000001,0.02796052437683607,-0.0010394756231639317
